idberita,kategori_berita,judul_berita,isi_berita
www.cnnindonesia.com#,,Trump Mulai Ragu Tunjuk Tony Blair di Dewan Pengawas Perdamaian Gaza,BERITA TERBARU
putin-masa-bodoh-ultimatum-trump-ancam-suplai-tomahawk-ke-ukraina,Eropa Amerika,Putin Masa Bodoh Ultimatum Trump Ancam Suplai Tomahawk ke Ukraina,"Jakarta, CNN Indonesia -- Presiden Rusia Vladimir Putin masa bodoh dengan ultimatum Presiden Amerika Serikat Donald Trump untuk segera mengakhiri perang Moskow dengan Ukraina. Trump mengancam akan menyuplai rudal-rudal pintar Tomahawk ke Ukraina untuk mengimbangi kekuatan udara Rusia. Lihat Juga : Daftar Negara yang Akan Kirim Pasukan ke Gaza, Ada RI hingga Turki ADVERTISEMENT SCROLL TO CONTINUE WITH CONTENT Trump menyampaikan ultimatum akan menyuplai rudal tersebut buat Ukraina setelah tak ada hasil apapun pada pertemuannya dengan Putin di Alaska beberapa waktu lalu. Sebelum Trump menyampaikan ancaman tersebut Putin sudah memperingatkan AS konsekuensi serius apabila Washington mengirim rudal-rudal Tomahawk via Eropa. Ia mengingatkan perang Rusia denganUkraina akan bertambah meluas ""ke dalam eskalasi di level baru"" jikaKyiv mendapatkan rudal Tomahawk. ""Itu termasuk relasi antara Rusia dan Amerika Serikat,"" ujar Putin, dikutip dari AFP . Sebelumnya, Trump menyatakan AS akan segera menyuplai Tomahawk jika Rusia bersikeras ogah menyetop perang dengan Ukraina. Lihat Juga : Trump Ultimatum Putin, AS Suplai Tomahawk ke Ukraina jika Rusia Bandel ""Saya mungkin akan bicara dengannya (Putin). Saya mungkin akan mengatakan. 'Dengarkan, kalau perang ini tidak kunjung selesai, saya akan kirim rudal Tomahawk,"" kata Trump kepada wartawan di pesawat Kepresidenan AS, Air Force One, menuju Mesir. Orang nomor satu di AS itu mengatakan dihubungi Presiden Ukraina Volodymyr Zelensky pada Sabtu, meminta pasokan rudal Tomahawk saat membahas pasokan senjata baru untuk Kyiv. ""Tomahawk adalah langkah agfresif baru,"" ujar Trump. Lihat Juga : Lebih dari 50 Tahun Tukar Sandera Israel-Palestina, Ada Pendiri Hamas ""Apakah mereka ingin Tomahawk diluncurkan ke arah mereka? Saya rasa tidak,"" ia menambahkan. (bac)"
daftar-negara-yang-akan-kirim-pasukan-ke-gaza-ada-ri-hingga-turki,Timur Tengah,"Daftar Negara yang Akan Kirim Pasukan ke Gaza, Ada RI hingga Turki","Jakarta, CNN Indonesia -- Sejumlah negara menyatakan kesiapan untuk mengirim pasukan perdamaian ke Jalur Gaza , Palestina , guna mengawasi perdamaian di sana. Israel dan kelompok milisi Hamas Palestina sepakat gencatan senjata pada Kamis (9/10) lalu sesuai dengan proposal damai yang disodorkan Presiden Amerika Serikat Donald Trump. Kedua pihak setuju untuk menjalani fase pertama gencatan senjata, yang meliputi pertukaran sandera. Lihat Juga : Sandera Hamas Kemungkinan Tidak Tahu Akan Segera Dibebaskan ADVERTISEMENT SCROLL TO CONTINUE WITH CONTENT Menyusul pengumuman gencatan senjata ini, beberapa negara pun mengaku sedang bersiap untuk mengirim pasukan perdamaian ke Jalur Gaza. Berikut negara-negara yang akan mengirim pasukan perdamaian ke Gaza. Indonesia Presiden Prabowo Subianto telah memerintahkan Tentara Nasional Indonesia (TNI) untuk mempersiapkan pasukan perdamaian guna ditugaskan ke Gaza. Perintah itu disampaikan dalam sesi rapat terbatas (ratas) di kediaman pribadi Prabowo pada Minggu (12/10) malam. ""Kalau memang terjadi kesepakatan yang konstruktif, tidak menutup kemungkinan arahnya akan ke sana (pengiriman pasukan, red). Bapak Presiden juga menyampaikan hal tersebut bahwa kalau memang kemudian tercapai kesepakatan ke arah yang baik, dalam artian terjadi perdamaian, dan kemudian salah satu konsekuensinya adalah kita, Indonesia, diminta untuk ikut serta membantu mengirimkan pasukan perdamaian. Alhamdulillah, yang hadir Wakil Panglima TNI untuk juga mulai mempersiapkan diri,"" kata Menteri Sekretaris Negara (Mensesneg) Prasetyo Hadi saat ditemui selepas rapat. Instruksi Prabowo ini disampaikan menjelang kepergiannya ke Mesir untuk menghadiri Konferensi Tingkat Tinggi (KTT) mengenai perdamaian di Gaza yang digelar pada Senin (13/10). Lihat Juga : Trump Ultimatum Putin, AS Suplai Tomahawk ke Ukraina jika Rusia Bandel Italia Menteri Luar Negeri Italia Antonio Tajani juga telah menyatakan bahwa negaranya siap untuk ikut dalam misi perdamaian di Gaza. Italia akan mengirim pasukan begitu pasukan perdamaian internasional terbentuk di Gaza. Lihat Juga : Lebih dari 50 Tahun Tukar Sandera Israel-Palestina, Ada Pendiri Hamas ""Perdamaian semakin dekat. Italia yang selalu mendukung rencana AS, siap mengambil bagian untuk mengonsolidasi gencatan senjata, mengirimkan bantuan kemanusiaan, dan berpartisipasi dalam rekonstruksi Gaza,"" kata Tajani melalui akun media sosial X. ""Kami juga siap mengirim pasukan jika pasukan perdamaian internasional sudah terbentuk untuk menyatukan kembali Palestina,"" lanjutnya. Bersambung ke halaman berikutnya... Amerika Serikat AS juga mengerahkan sekitar 200 tentara untuk mengawasi gencatan senjata di Jalur Gaza. Ratusan tertara tersebut saat ini sudah mulai tiba di Israel untuk mendirikan pusat koordinasi yang bertujuan memfasilitasi aliran bantuan kemanusiaan, logistik, serta keamanan ke Gaza. Meski begitu, pasukan AS ini disebut tak akan memasuki Gaza, demikian dilaporkan Euronews . Pengerahan mereka sendiri berkat permintaan dari otoritas Mesir agar AS ikut terlibat dalam mengawasi jalannya gencatan senjata. Lihat Juga : Hamas Segera Bebaskan Sandera Hari Ini, Berikut Daftarnya Menurut seorang pejabat AS yang bicara kepada BBC , militer AS akan membentuk satuan tugas multinasional di Israel, yang kemungkinan mencakup pasukan dari Mesir, Qatar, Turki, dan Uni Emirat Arab. Turki Pemerintah Turki menyatakan kemungkinan akan mengerahkan pasukan perdamaian ke Gaza pada akhir Oktober, dilansir dari Turkiye Today . Lihat Juga : PPI Tunisia Buka Suara soal Surat Wajibkan Mahasiswa Baru Bawa Rokok Pengerahan pasukan Turki tersebut sebagai bagian dari misi pasukan perdamaian internasional di Gaza. Berdasarkan keterangan sumber dari Kementerian Pertahanan Turki pada Jumat pekan lalu, Angkatan Bersenjata Turki (TAF) menyatakan kesiapannya untuk ditugaskan dalam satuan tugas multinasional di Gaza. Daftar Negara Akan Kirim Pasukan ke Gaza, RI hingga Turki BACA HALAMAN BERIKUTNYA HALAMAN: 1 2"
daftar-5-pelatih-calon-pengganti-patrick-kluivert-di-timnas-indonesia,Sepakbola,Daftar 5 Pelatih Calon Pengganti Patrick Kluivert di Timnas Indonesia,"Jakarta, CNN Indonesia -- Kegagalan menuju Piala Dunia 2026 membuat kursi pelatih Timnas Indonesia yang saat ini diduduki Patrick Kluivert memanas. Datang sebagai pengganti Shin Tae Yong, Kluivert gagal mewujudkan ambisi. Timnas Indonesia hanya jadi pelengkap di fase keempat kualifikasi Piala Dunia 2026 setelah kalah dari Arab Saudi dan Irak. Netizen sudah ramai berkomentar soal pemecatan mantan pemain Ajax dan timnas Belanda tersebut. Tagar #kluivertout pun menggema. ADVERTISEMENT SCROLL TO CONTINUE WITH CONTENT Pilihan Redaksi 4 Blunder Timnas Indonesia di Babak 4: Kluivert hingga Rizky Ridho Kritik Keras dari Belanda untuk Kluivert di Indonesia: Tidak Layak Jika Pecat Kluivert, PSSI Harus Bayar Kompensasi Berapa? Kluivert masih punya kontrak menjadi pelatih Timnas Indonesia hingga 2027, namun sosok besar di era 1990-an hingga 2000-an awal itu juga bingung saat ditanya soal nasibnya setelah laga melawan Irak. PSSI pun belum berkomentar soal pergantian pelatih, namun disinyalir ada sosok-sosok yang pantas mengisi kursi juru latih Timnas Indonesia dan kini sedang tidak melatih kesebelasan mana pun. Berikut daftar lima pelatih calon pengganti Kluivert di Timnas Indonesia: 1. Shin Tae Yong Shin masih menyisakan kenangan manis bagi suporter Timnas Indonesia. Pelatih asal Korea Selatan itu tak langsung mendapat tanggapan positif saat pertama kali datang pada akhir 2019. Seiring waktu berjalan, Shin berupaya membuktikan kualitas. Timnas Indonesia tak selalu menang di tangannya, namun banyak yang melihat perkembangan positif Rizky Ridho cs dalam asuhan mantan pelatih Korea Selatan yang baru saja berpisah dengan Ulsan HD. Pemahaman soal sepak bola Indonesia pun menjadi nilai plus bagi STY. 2. Alex Pastoor Saat ini Pastoor ada di sisi Kluivert sebagai asisten pelatih. Sejak datang bersama Kluivert ke Timnas Indonesia, Pastoor dianggap sebagai otak sesungguhnya di pinggir lapangan. Media-media Belanda pun menilai Pastoor punya kemampuan secara teknik dalam menjadi pelatih utama. Hanya saja Pastoor tak memiliki nama besar seperti Kluivert atau STY. Baca lanjutan artikel ini di halaman selanjutnya>>> 3. Giovanni Van Bronckhorst Jika PSSI masih mau memberi kesempatan kepada sosok dengan nama besar, Van Bronckhorst bisa jadi pilihan. Pernah membela Feyenoord, Arsenal, dan Barcelona. Selain itu punya 106 caps di timnas Belanda. Pemain yang pernah membawa tim Oranye menjadi runner up Piala Dunia 2010 itu juga punya prestasi saat menjadi pelatih yakni membawa Feyenoord juara Eredivisie, dan Piala KNVB. Pilihan Redaksi Reaksi Miliano Jonathans usai Indonesia Gagal ke Piala Dunia 2026 Kata-kata Thom Haye usai Mimpi Timnas Indonesia ke Piala Dunia Pupus Daftar 21 Negara Lolos ke Piala Dunia 2026 Piala Skotlandia bersama Glasgow Rangers dan Piala Super Turki saat di Besiktas juga ada dalam curriculum vitae Van Bronckhorst. Satu nilai lebih bagi Van Bronckhorst adalah keberadaan darah Indonesia yang mengalir dari kedua orang tuanya. 4. Phillip Cocu Nama lain dari Belanda yang terhitung layak menangani Timnas Indonesia bisa jadi adalah Phillip Cocu. Di timnas Belanda, Cocu adalah senior Kluivert. Cocu pernah menjadi asisten pelatih timnas Belanda dan PSV. Kariernya melejit saat membawa PSV menjadi juara Eredivisie pada 2015, 2016, dan 2018. Jika PSSI masih menitikberatkan pilihan pada 'proyek Belanda' ketimbang harus merombak total staf-staf yang ada, Cocu agaknya bisa jadi opsi. 5. Jesus Casas Tidak ada unsur darah Indonesia, faktor Belanda, atau pengalaman di sepak bola nasional, namun Casas bisa masuk pertimbangan karena cukup paham dengan sepak bola Asia lantaran pernah menjadi pelatih timnas Irak pada 2022 hingga 2025. Diberhentikan Irak setelah kalah 1-2 dari Palestina, Casas sebelumnya punya catatan yang tidak 'jelek-jelek banget' di Singa Mesopotamia dengan 18 kemenangan, delapan kali seri, dan delapan kali kalah. Casas juga pernah menjadi asisten pelatih di Watford dan timnas Spanyol. [Gambas:Video CNN] Opsi yang Belum Punya Pengalaman di Indonesia BACA HALAMAN BERIKUTNYA HALAMAN: 1 2"
purbaya-tolak-bayar-utang-whoosh-pakai-apbn-ini-respons-istana,Makro,"Purbaya Tolak Bayar Utang Whoosh Pakai APBN, Ini Respons Istana","Jakarta, CNN Indonesia -- Istana buka suara merespons penolakan Menteri Keuangan Purbaya Yudhi Sadewa membayar utang proyek kereta cepat Whoosh memakai dana Anggaran Pendapatan dan Belanja Negara (APBN). Menteri Sekretaris Negara (Mensesneg) Prasetyo Hadi menyatakan pemerintah tidak berencana menggunakan dana APBN untuk membayar utang Whoosh. Menurut Prasetyo, pemerintah telah mendiskusikan langkah-langkah alternatif untuk mencari solusi pembiayaan yang tidak membebani APBN. ADVERTISEMENT SCROLL TO CONTINUE WITH CONTENT ""Beberapa waktu yang lalu juga sudah dibicarakan untuk diminta mencari skema ya, skema supaya beban keuangan itu bisa dicarikan jalan keluar,"" katanya usai rapat terbatas (ratas) di kediaman Presiden Prabowo Subianto, Kertanegara, Jakarta, Minggu malam (12/10) dikutip Antara . Lihat Juga : Istana Ungkap Alasan Arief Prasetyo Dicopot dari Kepala Bapanas Namun, Prasetyo menyebut soal utang Whoosh tidak termasuk dalam agenda ratas malam kemarin. ""Malam ini tidak, malam ini tidak sempat. Whoosh bukan salah satu pembahasan malam ini,"" ujarnya. Prasetyo menilai proyek Whoosh bermanfaat besar bagi masyarakat, terutama dalam meningkatkan konektivitas antara Jakarta dan Bandung. Pemerintah melihat potensi pengembangan jaringan kereta cepat sebagai bagian dari visi pembangunan transportasi nasional. ""Justru, kita ingin sebenarnya kan itu berkembang ya, tidak hanya ke Jakarta dan sampai ke Bandung, mungkin juga kita sedang berpikir untuk sampai ke Jakarta, ke Surabaya,"" pungkasnya. Menteri Keuangan Purbaya Yudhi Sadewa menolak jika utang Whoosh yang dioperasikan oleh PT Kereta Cepat Indonesia China (KCIC) dibayar APBN. Ia menilai tanggung jawab pembayaran utang seharusnya dikelola oleh Badan Pengelola Investasi (BPI) Danantara Indonesia yang menaungi proyek tersebut. ""Utang KCIC dibiayai APBN, saya belum dihubungi untuk masalah itu, nanti begitu ada saya di jumpa pers mingguan, saya kasih tahu updatenya seperti apa,"" kata Purbaya via Zoom saat mengisi Media Gathering Kemenkeu 2025 di Novotel Bogor, Jawa Barat, Jumat (10/10). Menurutnya, hingga saat ini Kementerian Keuangan belum menerima pembahasan resmi dari pihak terkait mengenai usulan agar sebagian utang PT KCIC ditanggung negara. Namun, ia menilai Danantara sudah memiliki kapasitas keuangan yang cukup kuat untuk menyelesaikan masalah tersebut, tanpa perlu mengandalkan APBN. ""Yang jelas sekarang saya belum dihubungi tentang masalah itu. Tapi kalau ini kan di bawah Danantara kan ya. Kalau di bawah Danantara kan mereka sudah punya manajemen sendiri, sudah punya dividen sendiri yang rata-rata setahun bisa Rp80 triliun atau lebih,"" ujarnya. Ia menegaskan Danantara seharusnya bisa mengelola kewajiban keuangan proyek Whoosh menggunakan sumber daya yang dimiliki. Pemerintah tidak ingin terus-menerus menanggung beban keuangan dari proyek yang dikelola secara korporasi. ""Harusnya mereka manage dari situ, jangan ke kita lagi. Karena kalau enggak ya semuanya ke kita lagi termasuk dividennya. Jadi ini kan mau dipisahin swasta sama government,"" katanya. Purbaya juga mengingatkan agar pengelolaan antara sektor swasta dan pemerintah tidak tumpang tindih. Skema pembiayaan proyek seperti Whoosh harus jelas batasnya antara bagian yang menjadi tanggung jawab pemerintah dan yang dikelola secara komersial. ""Jangan kalau enak swasta, kalau enggak enak government. Posisi saya sekarang yang saya tahu seperti mana saya belum disusunin sama mereka,"" tutupnya. Sebelumnya, BPI Danantara menyiapkan dua opsi penyelesaian utang proyek Kereta Cepat Jakarta-Bandung yang membebani neraca keuangan PT Kereta Api Indonesia (Persero) atau KAI. Opsi tersebut meliputi penyertaan modal tambahan kepada KAI atau penyerahan infrastruktur kereta cepat kepada pemerintah. Proyek Kereta Cepat Jakarta-Bandung dijalankan oleh PT KCIC, perusahaan patungan antara konsorsium BUMN Indonesia melalui PT Pilar Sinergi BUMN Indonesia (PSBI) dan mitra China. Sebanyak 75 persen pendanaan proyek berasal dari pinjaman China Development Bank, sementara sisanya berasal dari modal pemegang saham, termasuk KAI, Wijaya Karya, PTPN I, dan Jasa Marga. [Gambas:Video CNN] (pta)"
kritik-keras-dari-belanda-untuk-kluivert-di-indonesia-tidak-layak,Sepakbola,Kritik Keras dari Belanda untuk Kluivert di Indonesia: Tidak Layak,"Jakarta, CNN Indonesia -- Sebuah kritik keras datang dari Belanda untuk Patrick Kluivert yang gagal membawa Timnas Indonesia lolos dari fase keempat kualifikasi Piala Dunia 2026 . Kecaman yang dimuat media Voetbal Primeur itu berasal dari kata-kata Valentijn Driessen yang merupakan pengamat sepak bola di Negeri Kincir Angin. Driessen mengalamatkan komentar negatif kepada Kluivert dan rekan-rekan yang ada di jajaran ofisial Timnas Indonesia. ADVERTISEMENT SCROLL TO CONTINUE WITH CONTENT Pilihan Redaksi Reaksi Miliano Jonathans usai Indonesia Gagal ke Piala Dunia 2026 4 Blunder Timnas Indonesia di Babak 4: Kluivert hingga Rizky Ridho Menurutnya Indonesia memiliki kualitas yang lebih baik dibanding Irak, lawan terakhir dalam fase keempat kualifikasi Piala Dunia 2026. ""Meskipun terdapat banyak sosok dari Belanda di semua level staf dan skuad, mereka disingkirkan Irak,"" ujar Driessen dikutip dari Voetbal Primeur. ""Performa buruk menghadapi lawan yang jauh lebih lemah. Ini niscaya akan berujung pada hari perhitungan, dan mayoritas sosok dari Belanda akan segera dipaksa meninggalkan Jakarta. Dengan stempel: Tidak layak,"" katanya menegaskan. Selain Kluivert, deretan nama dari Belanda yang berada di Timnas Indonesia adalah Alex Pastoor dan Denny Landzaat yang menjadi asisten pelatih. Selain itu terdapat pula Alexander Zwiers sebagai direktur teknik, dan Jordi Cruijff sebagai penasihat teknik. Simon Tahamata menempati posisi kepala pemandu bakat, dan Gerald Vanenburg menjadi asisten teknik serta sempat menangani Timnas Indonesia U-23. Nama-nama lain dari Belanda yang ikut berada di balik layar Timnas Indonesia antara lain adalah Regi Blinker, Sjoerd Woudebnerg, Tom Stevens, Jordy Kluitenberg. [Gambas:Video CNN] (nva/nva)"
lebih-dari-50-tahun-tukar-sandera-israel-palestina-ada-pendiri-hamas,Timur Tengah,"Lebih dari 50 Tahun Tukar Sandera Israel-Palestina, Ada Pendiri Hamas","Jakarta, CNN Indonesia -- Israel dan kelompok perlawanan Palestina Hamas bersiap pertukaran sandera hari ini demi memuluskan jala gencatan senjata di Gaza. Dalam pernyataan resmi yang dirilis Jumat (3/10) malam waktu setempat, Hamas mengumumkan persetujuan membebaskan seluruh sandera Israel di Gaza, termasuk jenazah yang telah meninggal dunia. Lihat Juga : Trump Ultimatum Putin, AS Suplai Tomahawk ke Ukraina jika Rusia Bandel ADVERTISEMENT SCROLL TO CONTINUE WITH CONTENT Kesepakatan ini menjadi bagian dari proposal perdamaian yang diajukan Presiden Amerika Serikat Donald Trump. Dalam sejarah panjang kedua negara ini, saling bebaskan sandera mungkin sudah menjadi salah satu ""kenyataan"" yang selalu menyertai di tengah konflik. Bahkan sejak 1948, Israel, Palestina dan negara Arab selalu berusaha membebaskan sebanyak mungkin tahanan dan sandera masing-masing dari penjara lawannya. Berikut cuplikan sejarah pembebasan sandera dua negara tersebut. 1969 Kelompok Front Populer Pembebasan Palestina (PFLP) yang dipimpin Leila Khaled, mencoba membajak pesawat Israel untuk menjamin pembebasan tahanan Palestina yang ditahan di penjara Israel. Pesawat itu mendarat di Inggris. Tapi operasi pembajakan gagal, mengakibatkan kematian salah satu pelaku. Otoritas Inggris kemudian menangkap Leila Khaled. Kemudian, anggota PFLP membajak pesawat Inggris dan melakukan pertukaran sandera yang menghasilkan pembebasan Leila Khaled. Lihat Juga : Pasukan Israel Bunuh Warga Gaza, 323 Orang Tewas saat Gencatan Senjata 28 Januari 1971 Dalam kesepakatan pertukaran tahanan yang difasilitasi Palang Merah Internasional (PMI) antara Organisasi Pembebasan Palestina (PLO), khususnya Fatah, dan Israel, tahanan Palestina Mahmoud Bakr Hijazi dibebaskan sebagai imbalan atas pembebasan tentara Israel Shmuel Faiyaz, yang diculik Fatah pada akhir 1969. 14 Maret 1979 Operasi pertukaran ""Norus"" antara Israel dan PLO, yang dilakukan salah satu faksi FPLP, menghasilkan pembebasan tentara Israel Abraham Amram. Ia ditangkap PFLP pada 5 April 1978, dalam operasi Litani. Sebagai imbalannya, Israel membebaskan 76 tahanan dari berbagai faksi Palestina, termasuk 12 perempuan Palestina. Februari 1980 Pemerintah Israel memutuskan untuk membebaskan tahanan Palestina Mahdi Bssaiso sebagai imbalan atas pembebasan warga negara Yordania Amina Dawood Al-Mufti. Dia telah bekerja untuk agen intelijen asing Israel, Mossad, dan ditahan Fatah. Pertukaran ini terjadi di Siprus di bawah pengawasan Palang Merah Internasional. 23 November 1983 Dalam pertukaran antara pemerintah Israel dan Fatah, Israel membebaskan semua tahanan dari 'Kamp Penahanan Ansar' di selatan Lebanon. Temasuk termasuk 4.700 tahanan Palestina dan Lebanon, bersama dengan 65 tahanan dari penjara Israel. Sebagai imbalannya, Israel mengamankan pembebasan enam tentara Israel dari unit khusus ""Nahal,"" yang ditangkap di daerah Bhamdoun selatan Lebanon pada 4 September 1982. Lihat Juga : Tragis! PM Israel Ini Terbunuh Gegara Mau Damai dengan Palestina 20 Mei 1985 Israel melakukan pertukaran sandera dengan PFLP, melalui Operasi 'Galilea'. Israel membebaskan 1.155 tahanan Palestina dan Lebanon dari penjaranya sebagai imbalan atas tiga tentara Israel yang ditahan PFLP. 1997 Terjadi operasi pertukaran antara pemerintah Yordania dan Israel, di mana Tel Aviv membebaskan Ahmed Yassin, pendiri Gerakan Perlawanan Islam (Hamas), bersama dua rekannya. Sebagai imbalannya, Israel mengamankan pembebasan dua agen Mossad yang ditangkap pasukan keamanan Yordania dalam upaya pembunuhan gagal terhadap ketua biro politik Hamas saat itu, Khaled Meshaal. Bersambung ke halaman berikutnya... Awal Oktober 2009 Israel membebaskan 20 tahanan perempuan Palestina dari Tepi Barat dan Gaza sebagai imbalan untuk mendapatkan video terbaru berdurasi dua menit yang menampilkan tentara Israel Gilad Shalit, yang ditangkap faksi perlawanan Palestina pada 25 Juni 2006. 11 Oktober 2011 Israel membebaskan 1.027 tahanan Palestina dalam pertukaran besar-besaran, mengamankan pembebasan tentara Gilad Shalit. Hamas menamai operasi tersebut (Setia pada yang Merdeka) ""Wafaa Al-Ahrar,"" sementara Israel menyebutnya ""Menutup Waktu."" Lihat Juga : Hamas Segera Bebaskan Sandera Hari Ini, Berikut Daftarnya 30 Januari 2025 Kelompok Hamas dan Israel telah membebaskan masing-masing sandera. Hamas membebaskan tiga sandera Israel dan lima warga Thailand di Gaza, sementara Israel membebaskan 110 tahanan Palestina. Melansir Reuters , pembebasan para sandera terjadi setelah Israel menunda proses tersebut karena marah terhadap kerumunan yang berkerumun di salah satu titik penyerahan sandera. Lihat Juga : Jurnalis Palestina Tewas Dibunuh di Kota Gaza 15 Februari 2025 Hamas membebaskan tiga tawanan Israel lagi di Jalur Gaza. Sebagai imbalannya, Israel mulai memulangkan 369 tahanan Palestina yang ditahan di penjara-penjara Israel. Sebagian besar tanpa dakwaan atau hukuman apa pun. Ini adalah jumlah terbesar warga Palestina yang dibebaskan, mengutip Al Jazeera. Sejarah Panjang Saling Tukar Sandera Israel-Palestina BACA HALAMAN BERIKUTNYA HALAMAN: 1 2"
pengusaha-tekstil-surati-purbaya-ini-permintaan-mereka,Bisnis,"Pengusaha Tekstil Surati Purbaya, Ini Permintaan Mereka","Jakarta, CNN Indonesia -- Asosiasi Produsen Serat dan Benang Filamen Indonesia (APSyFI) menyurati Menteri Keuangan (Menkeu) Purbaya Yudhi Sadewa untuk mendiskusikan langkah penyelamatan industri tekstil dan produk tekstil (TPT) nasional, terutama akibat praktik impor ilegal dan dumping produk. Ketua APSyFI Redma Gita Wirawasta mengatakan surat dilayangkan karena perhatian Purbaya terhadap praktik kuota impor ilegal menjadi harapan baru bagi industri tekstil. ""Hubungan sinergi dan harmoni antara pemerintah dan pelaku usaha perlu terus dilanjutkan,"" kata Redma di Jakarta, Minggu (12/10) seperti dikutip dari Antara. ADVERTISEMENT SCROLL TO CONTINUE WITH CONTENT APSyFI menilai rantai pasok industri yang selama ini terintegrasi dari hulu hingga hilir kini terganggu akibat serbuan produk impor ilegal. Lihat Juga : Purbaya Tolak Bayar Utang Whoosh Pakai APBN, Ini Respons Istana Menurut Redma, terdapat kesenjangan antara data perdagangan Indonesia dan negara mitra, yang mengindikasikan banyaknya barang impor yang masuk tanpa tercatat di sistem Bea Cukai. Hal ini menimbulkan kerugian bagi negara baik dari segi penerimaan maupun persaingan pasar. Terkait hal tersebut, APSyFI berharap Direktorat Jenderal (Ditjen) Bea Cukai dapat memperkuat sistem pengawasan dan memperbaiki prosedur penerimaan barang impor dari pelabuhan. Salah satu hal yang disorot, antara lain tidak digunakannya sistem port-to-port manifest. ""Importir bisa membuat dokumen Pemberitahuan Impor Barang (PIB) tanpa mengacu pada Master Bill of Lading (B/L). Celah ini membuka ruang bagi praktik misdeclare, under invoicing , dan pelarian HS code,"" ujar Redma. APSyFI juga menyoroti minimnya pemeriksaan dengan AI Scanner serta pemberian fasilitas impor berlebih, yang berpotensi disalahgunakan oleh importir. Maka dari itu, APSyFI berharap dapat beraudiensi bersama Asosiasi Pertekstilan Indonesia (API) untuk menjelaskan kondisi terkini industri TPT serta dampak berganda (multiplier effect) dari penerapan kebijakan trade remedies terhadap impor ilegal. Asosiasi mengingatkan langkah tegas pemerintah dibutuhkan untuk menjaga industri tekstil nasional dari risiko kehilangan daya saing dan peningkatan pengangguran. ""Penyelamatan industri tekstil bukan hanya soal pabrik, tetapi juga menyangkut jutaan tenaga kerja dan keberlanjutan ekonomi daerah,"" ujar Redma. [Gambas:Video CNN] (agt/pta)"
media-asing-soroti-wasit-ma-ning-yang-bikin-indonesia-menderita,Sepakbola,Media Asing Soroti Wasit Ma Ning yang Bikin Indonesia Menderita,"Jakarta, CNN Indonesia -- Media asing menyoroti kepemimpinan wasit Ma Ning pada laga Timnas Indonesia vs Irak dalam fase keempat kualifikasi Piala Dunia 2026 zona Asia. Ma Ning yang jadi pengadil dalam laga kedua Indonesia tidak mendapat banyak sorotan seperti Ahmed Al Ali yang menjadi wasit pada pertandingan pertama tim Merah Putih. Suporter Indonesia sempat waswas dengan Al Ali lantaran berasal dari Kuwait dan satu wilayah dengan Arab Saudi di kawasan Timur Tengah. ADVERTISEMENT SCROLL TO CONTINUE WITH CONTENT Pilihan Redaksi Reaksi Miliano Jonathans usai Indonesia Gagal ke Piala Dunia 2026 Daftar 21 Negara Lolos ke Piala Dunia 2026 Kritik Keras dari Belanda untuk Kluivert di Indonesia: Tidak Layak Setelah laga lawan Arab Saudi selesai, Al Ali justru mendapat tanggapan positif dari fans Merah Putih. Sebaliknya dengan Ma Ning. Netralitas wasit asal China itu dipertanyakan. Bahkan media dari Belanda dan Vietnam ikut menyoroti kepemimpinan dari anggota korps baju hitam berlisensi FIFA sejak 2011 itu. Voetbal Primeur menyoroti keputusan Ma Ning yang berbuntut kontroversi pada menit ke-68 ketika Zaid Tahseen hanya diberi kartu kuning setelah melanggar Ole Romeny. Selain itu juga dibahas soal Timnas Indonesia yang tidak mendapat penalti pada menit-menit akhir setelah insiden yang melibatkan Kevin Diks. Sedangkan media Dantri dari Vietnam memilih sudut pandang soal kartu merah kepada pemain Indonesia, Thom Haye dan Shayne Pattynama, serta manajer Sumardji pada pengujung pertandingan. Ma Ning tampak mengeluarkan kartu merah karena protes berlebihan dari ketiganya yang juga merupakan buntut dari kepemimpinan di lapangan selama 90 menit. [Gambas:Video CNN] (nva/har)"
purbaya-ungkap-rapor-5-bank-dalam-salurkan-rp200-t-mana-paling-bagus,Makro,"Purbaya Ungkap Rapor 5 Bank dalam Salurkan Rp200 T, Mana Paling Bagus?","Jakarta, CNN Indonesia -- Menteri Keuangan Purbaya Yudhi Sadewa mengungkapkan perkembangan penyerapan dana pemerintah di lima bank milik negara. Ia mengatakan dari total Rp200 triliun dana pemerintah, yang telah disalurkan bank mencapai Rp112,4 triliun per 30 September 2025. ""Penyerapannya misalnya di Mandiri sudah 74 persen, BRI 62 persen disalurkan, BNI 50 persen, BTN 90 persen, dan BSI 55 persen,"" kata Purbaya dalam wawancara dengan CNBC Indonesia, Senin (13/10). ADVERTISEMENT SCROLL TO CONTINUE WITH CONTENT Purbaya diketahui menempatkan dana pemerintah Rp200 triliun ke lima bank BUMN, meliputi Bank Rakyat Indonesia (BBRI), Bank Negara Indonesia (BBNI), Bank Mandiri (BMRI), Bank Tabungan Negara (BBTN), dan Bank Syariah Indonesia (BRIS). Lihat Juga : Purbaya Pastikan Cukai hingga Harga Rokok Tak Naik di 2026 Rinciannya BRI Rp55 triliun, BNI Rp55 triliun, Mandiri Rp55 triliun, BTN Rp25 triliun, dan BSI Rp 10 triliun. Bank Mandiri menjadi yang paling gencar merealisasikan penempatan dana pemerintah untuk kredit dengan nilai kini sudah mencapai Rp40,6 triliun. Sedangkan BRI senilai Rp33,9 triliun, BNI Rp27,6 triliun, BTN Rp4,8 triliun, dan BSI Rp5,5 triliun. Purbaya melihat dengan penempatan dana pemerintah tersebut, berpengaruh cukup signifikan ke pertumbuhan kredit dan suku bunga pasar. Misalnya, pertumbuhan kredit Bank Mandiri menjadi semakin kencang, dari kisaran 8 persen kini di level 11 persen. ""Mungkin pertamanya deposito, tapi pelan-pelan akan ke suku bunga kredit juga. Ini akan memicu pertumbuhan ekonomi dengan signifikan,"" kata Purbaya Selain itu, Purbaya menganggap hasil penempatan dana itu sudah mulai membuat peredaran uang primer atau base money meningkat hingga 13,5 persen pada September 2025. Menurutnya, ini adalah bukti kebijakannya berjalan dengan baik karena sesuai dengan target. ""Artinya stimulus yang saya kasih sudah masuk ke sistem,"" sambungnya. [Gambas:Video CNN] (fby/agt)"
daftar-21-negara-lolos-ke-piala-dunia-2026,Sepakbola,Daftar 21 Negara Lolos ke Piala Dunia 2026,"Jakarta, CNN Indonesia -- Seiring laga kualifikasi Piala Dunia 2026 yang berakhir Senin (13/10) dini hari, terdapat tambahan negara yang mendapat kepastian melangkah ke pesta sepak bola dunia tahun depan. Berikut daftar negara lolos ke Piala Dunia 2026. Satu negara terbaru yang meraih tiket ke Piala Dunia 2026 adalah Ghana. Skuad 'The Black Star' memastikan tiket ke Amerika Utara tahun depan setelah menjadi pemuncak klasemen Grup I kualifikasi Piala Dunia 2026 zona Afrika. Pada Senin (13/10) dini hari, Ghana mengalahkan Komoro 1-0. Kemenangan tipis tersebut membuat Ghana kukuh di puncak klasemen dan dipastikan tidak akan digeser negara lain. ADVERTISEMENT SCROLL TO CONTINUE WITH CONTENT Pilihan Redaksi Reaksi Miliano Jonathans usai Indonesia Gagal ke Piala Dunia 2026 Cetak Gol ke Gawang Finlandia, Van Dijk Tiru Selebrasi Ole Romeny? Respons Istana soal Timnas Indonesia Gagal ke Piala Dunia 2026 Sebelumnya Ghana sudah empat kali berlaga di Piala Dunia, yakni pada 2006, 2010, 2014, dan 2022. Capaian terbaik Ghana adalah mencapai perempat final pada 2010. Sementara pada Piala Dunia 2022, Ghana hanya sampai fase grup. Ghana menyusul empat negara Afrika lain yang sudah lebih dulu lolos ke Piala Dunia 2026 yakni Maroko, Tunisia, Mesir, dan Aljazair. Enam negara lain yang sudah memastikan tempat di Piala Dunia ke-23 berasal dari Asia yakni Jepang, Uzbekistan, Korea Selatan, Jordania, Iran, dan Australia Dari zona Amerika Selatan terdapat Argentina, Brasil, Ekuador, Uruguay, Kolombia, dan Paraguay. Sedangkan satu-satunya negara dari zona Oseania yang meraih tiket ke Piala Dunia 2026 adalah Selandia Baru. Lalu ada pula tiga negara lain yang sudah lolos kualifikasi sejak 14 Februari 2023 dengan status tuan rumah yakni Kanada, Meksiko, dan Amerika Serikat. Piala Dunia 2026 akan menjadi edisi pertama dengan format 48 tim yang berarti lebih banyak negara memiliki kesempatan tampil di panggung sepak bola terbesar dunia. Masih ada 27 slot tersisa yang akan diperebutkan dalam beberapa bulan ke depan. Daftar 21 Negara Lolos ke Piala Dunia 2026 hingga 13 Oktober 2025: 1. Amerika Serikat 2. Kanada 3. Meksiko 4. Australia 5. Iran 6. Jepang 7. Yordania 8. Korea Selatan 9. Uzbekistan 10. Argentina 11. Brasil 12. Kolombia 13. Ekuador 14. Paraguay 15. Uruguay 16. Selandia Baru 17. Tunisia 18. Maroko 19. Mesir 20. Aljazair 21. Ghana (nva/nva/nva)"
kata-kata-thom-haye-usai-mimpi-timnas-indonesia-ke-piala-dunia-pupus,Sepakbola,Kata-kata Thom Haye usai Mimpi Timnas Indonesia ke Piala Dunia Pupus,"Jakarta, CNN Indonesia -- Thom Haye akhirnya buka suara setelah Timnas Indonesia gagal mewujudkan mimpi lolos ke Piala Dunia 2026 . Gelandang Persib Bandung itu jadi salah satu pemain yang paling terpukul setelah Indonesia kalah 0-1 dari Irak di Stadion King Abdullah, Jeddah, Senin (12/10) dini hari WIB. Selepas pertandingan, Thom Haye tak kuasa menahan tangis. Ia kesulitan menghentikan air matanya meski sudah ditenangkan rekan setim, termasuk Kevin Diks dan Jay Idzes. ADVERTISEMENT SCROLL TO CONTINUE WITH CONTENT Pilihan Redaksi Gonzales: Satu Orang 'Membunuh' Impian 270 Juta Rakyat Indonesia Surat Terbuka Jay Idzes Usai Indonesia Gagal ke Piala Dunia 2026 Asnawi Unggah Momen Timnas Era STY: Mimpi Kami Belum Berakhir Haye baru bisa buka suara lewat media sosial beberapa belas jam setelah kekalahan menyakitkan dari Irak. ""Sulit sekali untuk menemukan kata-kata yang tepat di momen ini. Kami sudah berjuang keras mengejar mimpi lolos ke Piala Dunia. Tapi kali ini bukan waktunya kita dan rasanya sangat sakit,"" tulis Thom Haye. ""Mungkin [rasa sakit] ini akan bertahan lama. Namun di balik rasa sakit itu, ada sebuah kebanggaan. Rasa bangga untuk bangsa yang berani bermimpi, yang berdiri teguh melawan segala rintangan, dan mencapai hal-hal yang dulu dianggap mustahil,"" ujar Haye menambahkan. Gelandang 30 tahun itu juga tak lupa berterima kasih kepada semua pihak yang telah setia mendukung perjuangan skuad Garuda. [Gambas:Instagram] ""Kepada semua orang yang percaya, yang memberikan dukungan, dan yang tak pernah berhenti bermimpi bersama kami, terima kasih. Perjalanan ini bukan hanya tentang kualifikasi. Ini tentang menunjukkan kepada dunia dan generasi mendatang, apa yang bisa kita lakukan."" ""Ini bukan akhir dari segalanya. Ini bukti bahwa kita layak dan suatu hari nanti, impian kita akan menjadi kenyataan,"" ungkap Haye. Kekalahan atas Irak memastikan Indonesia tersingkir dari babak keempat Kualifikasi Piala Dunia 2026. Sebelumnya tim Merah Putih juga menelan kekalahan dari Arab Saudi di laga perdana. Irak dan Arab Saudi bakal bentrok demi memperebutkan tiket lolos otomatis ke Piala Dunia 2026 pada laga penentuan, Selasa (14/10) waktu setempat. [Gambas:Video CNN] (jun)"
koalisi-sipil-kejagung-tak-serius-eksekusi-silfester-matutina,Peristiwa,Koalisi Sipil: Kejagung Tak Serius Eksekusi Silfester Matutina,"Jakarta, CNN Indonesia -- Democratic Judicial Reform (De Jure) mengkritik sikap Kejaksaan Agung (Kejagung) yang hingga kini belum mengeksekusi terpidana kasus terhadap Jusuf Kalla, Silfester Matutina . Direktur Eksekutif De Jure, Bhatara Ibnu Reza menilai Kejagung tak benar-benar serius mengeksekusi Silfester yang telah divonis 1,5 tahun di tingkat kasasi. ""Kami menilai, kejaksaan tidak benar-benar serius dalam melaksanakan tugas dan fungsinya dalam kasus ini terutama dengan menggunakan sejumlah dalih serta saling lempar tanggungjawab antara pihak Kejaksaan Negeri (Kejari) Jakarta Selatan,"" kata Reza dalam keterangan tertulis, Minggu (12/10). ADVERTISEMENT SCROLL TO CONTINUE WITH CONTENT Reza menyesalkan dalih Kejagung yang mengaku tidak bisa menemukan Silfester. Padahal, yang bersangkutan bebas dan muncul di berbagai media massa. Menurut dia, sikap Kejaksaan menimbulkan pertanyaan masyarakat soal dugaan praktik tebang pilih dalam melakukan penegakan hukum. Reza menilai kasus Silfester merupakan bukti keluasan kewenangan Kejaksaan melalui peraturan perundang-undangan tidak menjamin upaya penegakan hukum. Lebih jauh lagi, Kejaksaan, kata dia, terkesan memiliki hasrat untuk memperluas kewenangannya melalui RUU KUHAP dan RUU Perubahan Kedua UU Kejaksaan. Pilihan Redaksi Terpidana Silfester Akan Kembali Ajukan PK Kedua di Kasus Fitnah JK Kejagung ke Pengacara Silfester: Tolong Kalau di Jakarta Bawa ke Kita Pengacara Sebut Silfester di Jakarta, Kejagung Minta Dibawa ""Hal ini disebabkan karena tidak adanya check and balance antara penggunaan kewenangan dengan pengawasan kewenangan khususnya oleh institusi pengawas eksternal,"" kata dia. Reza mengaku tidak melihat ada perubahan signifikan dalam rencana perubahan peraturan perundang-undangan untuk memperkuat kewenangan pengawasan. Situasi ini berpotensi memicu penyalahgunaan wewenang dalam penegakan hukum dan keadilan. Oleh karenanya, dia mengatakan pihaknya mendesak Kejaksaan segera mengeksekusi atas vonis terhadap Silfester. Reza juga meminta Komisi Kejaksaan melakukan tugasnya dengan mengawasi proses tersebut. ""Kami mendesak Kejaksaan RI untuk secepatnya melakukan eksekusi terhadap terpidana Silfester Matutina serta juga Komisi Kejaksaan RI untuk melakukan tugasnya dalam mengawasi kinerja dan perilaku jaksa secara serius,"" kata dia. Silfester dijatuhi vonis 1 tahun penjara pada 30 Juli 2018 atas dugaan fitnah dengan menyebut JK menggunakan isu sara saat memenangkan Anies Baswedan di Pilkada 2017. Putusan itu lantas dikuatkan di tingkat banding yang dibacakan pada 29 Oktober 2018. Di tingkat kasasi, majelis hakim memperberat vonis Silfester menjadi hukuman 1 tahun 6 bulan penjara. Namun hingga saat ini putusan majelis hakim kasasi belum juga dieksekusi. Silfester justru mengajukan permohonan Peninjauan Kembali (PK) di Pengadilan Negeri Jakarta Selatan. Terbaru, permohonan PK itu resmi digugurkan oleh Ketua Majelis Hakim I Ketut Darpawan. (thr/isn) [Gambas:Video CNN]"
kapan-puncak-musim-hujan-di-indonesia-ini-kata-bmkg,Climate,Kapan Puncak Musim Hujan di Indonesia? Ini Kata BMKG,"Jakarta, CNN Indonesia -- Badan Meteorologi, Klimatologi, dan Geofisika (BMKG) mengungkap musim hujan 2025/2026 akan datang lebih awal dari biasanya. Lantas, kapan fase puncak musim hujan di Indonesia? BMKG mengungkap berdasarkan pemantauan iklim, sebagian wilayah Indonesia mulai memasuki musim hujan sejak Agustus lalu. Menurut catatan BMKG musim hujan datang lebih awal di 294 Zona Musim (ZOM) atau sekitar 42,1 persen wilayah Indonesia, termasuk sebagian besar wilayah selatan dan timur. Lihat Juga : Prakiraan La Nina Tiba di RI Akhir Tahun, Curah Hujan Diprediksi Naik ADVERTISEMENT SCROLL TO CONTINUE WITH CONTENT ""Puncak musim hujan diperkirakan terjadi pada November-Desember 2025 di Indonesia bagian barat dan Januari-Februari 2026 di bagian selatan dan timur,"" kata Guswanto, Deputi Meteorologi BMKG, saat dihubungi awal Oktober lalu. Menurut Guswanto ada potensi peningkatan curah hujan di sejumlah wilayah selama musim hujan 2025/2026 mendatang. Selain itu, durasi musim hujan juga diprediksi lebih panjang dari biasanya. Kendati begitu, akumulasi curah hujan secara umum berada dalam kategori normal atau tidak ekstrem basah atau kering. Ia mengatakan hal ini tak lepas dari dampak fenomena La Nina yang diprediksi bakal terjadi mulai akhir tahun ini. Guswanto menjelaskan salah satu dampak La Nina dapat memperpanjang musim hujan di Tanah Air. ""Meski La Nina lemah dan durasinya terbatas, efeknya bisa memperpanjang musim hujan hingga awal pertengahan 2026, terutama di wilayah timur Indonesia,"" ujar Guswanto. Lihat Juga : Apakah La Nina Bisa Menyebabkan Banjir? Ini Penjelasan BMKG Tidak hanya itu, Guswanto mengatakan bahwa keberadaan La Nina juga bakal membuka peluang Indonesia kembali mengalami kemarah basah, hingga potensi hujan sepanjang tahun di 2026. ""Kemarau basah seperti tahun ini bisa terulang, terutama jika transisi dari musim hujan ke kemarau tidak tegas atau dipengaruhi oleh faktor lain seperti IOD negatif,"" katanya. ""BMKG juga mencatat bahwa 67 persen wilayah Indonesia berpotensi mengalami curah hujan tahunan lebih dari 2.500 mm, termasuk Jawa, Kalimantan, Sulawesi, dan Papua,"" lanjut Guswanto. (dmi/dmi) [Gambas:Video CNN]"
istana-ungkap-alasan-arief-prasetyo-dicopot-dari-kepala-bapanas,Makro,Istana Ungkap Alasan Arief Prasetyo Dicopot dari Kepala Bapanas,"Jakarta, CNN Indonesia -- Menteri Sekretaris Negara Prasetyo Hadi mengungkap alasan pencopotan Arief Prasetyo dari jabatan Kepala Badan Pangan Nasional ( Bapanas ). Prasetyo menjelaskan Arief akan ditugaskan di tempat lain. Menurutnya, karena fungsi dari Bapanas sebelumnya ada di Kementerian Pertanian, jabatan Kepala Bapanas kini dijabat Menteri Pertanian Amran Sulaiman. Lihat Juga : Copot Arief Prasetyo, Prabowo Tunjuk Mentan Amran Jadi Kepala Bapanas ADVERTISEMENT SCROLL TO CONTINUE WITH CONTENT ""Bahwa sebenarnya fungsi dari tugas Badan Pangan itu kan dulu memang ada di Kementerian Pertanian dan karena mas Arief sedang ingin kita tugaskan di tempat yang lain maka kemudian fungsi itu langsung dijabat oleh Menteri Pertanian,"" kata Prasetyo di Kertanegara, Jakarta Selatan, Minggu (12/10). ""Tidak ada masalah karena selama ini juga menteri pertanian dengan Bapanas berjalan beriringan. Pilihan Redaksi Mentan Sebut 3 Bulan Lagi RI Setop Impor Beras Survei Litbang Kompas: 71,5 Persen Publik Puas atas Kinerja Kementan Presiden Prabowo Subianto mencopot Arief Prasetyo Adi dari jabatan Kepala Badan Pangan Nasional. Prabowo menunjuk Menteri Pertanian Amran Sulaiman sebagai Kepala Bapanas yang baru. Kebijakan itu diketahui dari salinan Keputusan Presiden (Keppres) Nomor 116/P Tahun 2025 tentang Pemberhentian dan Pengangkatan Kepala badan Pangan Nasional. ""Memberhentikan dengan hormat Arief Prasetyo Adi sebagai Kepala Badan Pangan Nasional, disertai ucapan terima kasih atas pengabdian dan jasa-jasanya selama memangku jabatan tersebut,"" dikutip dari keppres yang ditandatangani Prabowo pada 9 Oktober 2025. Arief Prasetyo Adi menjabat Kepala Bapanas sejak era Presiden ke-7 RI Joko Widodo. Ia dilantik pada 21 Februari 2022. (yoa/els) [Gambas:Video CNN]"
wisata-malam-ragunan-membeludak-penataan-parkir-jadi-prioritas,Peristiwa,"Wisata Malam Ragunan Membeludak, Penataan Parkir Jadi Prioritas","Jakarta, CNN Indonesia -- Gubernur DKI Jakarta Pramono Anung mengatakan penataan parkir di Taman Margasatwa Ragunan bakal menjadi prioritas untuk diselesaikan. Ia mengaku telah mendapat laporan antusias masyarakat tinggi pada hari pertama Ragunan dibuka pada malam hari. ""Saya sudah mendapatkan laporan bahwa minat masyarakat itu luar biasa di luar dugaan. Baru pada hari pertama saja sudah antrean terjadi, sehingga dengan demikian betul apa yang saya pikirkan untuk penanganan parkir dalam jangka menengah panjang di Ragunan sudah harus menjadi prioritas utama,"" kata Pramono di Jakarta Selatan, Senin (13/10). ADVERTISEMENT SCROLL TO CONTINUE WITH CONTENT Lihat Juga : 3.713 Pengunjung Serbu Uji Coba Wisata Malam Ragunan Pramono tidak ingin kawasan sekitar Ragunan menjadi macet setiap Sabtu malam jika tidak ada penataan parkir. Ia juga mengaku mendengar permintaan masyarakat agar Ragunan malam hari tidak hanya pada Sabtu malam. ""Kemarin itu antusias orang dari mana-mana bahkan ada yang dari luar kota dan mereka meminta jangan hanya hari Sabtu malam, tetapi saya memutuskan untuk sementara Sabtu malam saja dulu,"" ujarnya. Program Night at the Ragunan Zoo diadakan setiap malam Minggu, pukul 18.00-22.00 WIB, dengan tarif masuk normal - Rp4.000 untuk dewasa dan Rp3.000 untuk anak-anak. Lihat Juga : Resmi Dibuka, Wisata Malam Kebun Binatang Ragunan Diserbu Pengunjung Melalui program itu, pengunjung dapat menikmati pengalaman berbeda, yaitu menyaksikan satwa yang aktif di malam hari, seperti mamalia kecil, burung hantu, hingga reptil. Selama wisata malam berlangsung, mobil pribadi tidak diizinkan masuk ke area dalam Ragunan. Sebagai gantinya, pengelola menyediakan shuttle buggy car berkapasitas lima orang untuk mengantar pengunjung menuju titik-titik satwa. Tarif layanan ini Rp250.000 per jam. Selain itu, pengunjung juga dapat melakukan aktivitas ringan seperti night workout dengan jarak tempuh 1,8 km di area yang telah ditentukan di kawasan tersebut. Sebelumnya, sebanyak 3.713 orang tercatat mengunjungi Taman Margasatwa Ragunan saat uji coba wisata malam bertajuk Night at the Ragunan Zoo, pada Sabtu (11/10) malam. Lihat Juga : Pramono soal Ragunan Buka Malam: Pacaran Silakan, Tapi yang Baik-baik (yoa/dal) [Gambas:Video CNN]"
gen-z-di-ambang-kiamat-kerja-gegara-ledakan-teknologi-ai,Teknologi Informasi,Gen Z di Ambang 'Kiamat Kerja' Gegara Ledakan Teknologi AI,"Jakarta, CNN Indonesia -- Sebuah studi mengungkap pekerja usia muda, yang berisi kelompok Gen Z , tengah berada di ambang 'kiamat kerja' imbas ledakan adopsi teknologi kecerdasan buatan ( AI ) di perusahaan. Laporan dari British Standards Institution (BSI) memaparkan bahwa para pimpinan perusahaan memprioritaskan otomatisasi melalui AI untuk mengisi kebutuhan perusahaan daripada melatih anggota staf junior. Opsi ini juga dipilih karena memungkinkan mereka mengurangi jumlah karyawan. Lihat Juga : Eks Bos Google Blak-blakan AI Bisa Dilatih Jadi Mesin Pembunuh ADVERTISEMENT SCROLL TO CONTINUE WITH CONTENT Empat dari 10 bos perusahaan (sekitar 41 persen), mengatakan bahwa AI memungkinkan mereka untuk mengurangi jumlah karyawan, dalam survei yang melibatkan lebih dari 850 pemimpin bisnis di tujuh negara. Negara yang disurvei mulai dari Inggris, Amerika Serikat, Prancis, Jerman, Australia, China, hingga Jepang. Hampir sepertiga (31 persen) responden mengatakan bahwa organisasinya mempertimbangkan solusi AI sebelum mempertimbangkan untuk mempekerjakan seseorang, dengan dua dari lima responden memperkirakan hal ini akan terjadi dalam lima tahun ke depan. Laporan ini menunjukkan tantangan yang harus dihadapi pekerja generasi Z, mereka lahir antara tahun 1997 dan 2012, di tengah pasar tenaga kerja yang tengah lesu. Dalam laporan tersebut juga disebutkan bahwa seperempat pemimpin perusahaan yakin semua atau sebagian besar tugas yang dilakukan oleh rekan kerja tingkat pemula dapat dilakukan oleh AI. ""AI mewakili peluang besar bagi bisnis secara global, tetapi saat mereka mengejar produktivitas dan efisiensi yang lebih tinggi, kita tidak boleh melupakan bahwa pada akhirnya, manusia lah yang mendorong kemajuan,"" ujar Susan Taylor Martin, CEO BSI, dikutip dari The Guardian . ""Penelitian kami menunjukkan bahwa ketegangan antara memaksimalkan potensi AI dan memastikan tenaga kerja yang berkembang pesat merupakan tantangan utama zaman ini. Diperlukan pemikiran jangka panjang dan investasi dalam tenaga kerja, bersamaan dengan investasi dalam alat AI, untuk memastikan pekerjaan yang berkelanjutan dan produktif,"" tambahnya. Lihat Juga : MrBeast Blak-blakan Khawatir Ancaman AI, Ini Alasannya Lebih lanjut, dua per lima (39 persen) pemimpin perusahaan mengatakan posisi entry-level telah dikurangi atau dihapus sebagai dampak dari efisiensi yang dihasilkan dari implementasi alat AI untuk melakukan penelitian atau melaksanakan tugas administratif dan briefing. Meski lebih dari setengah responden merasa beruntung telah memulai karier mereka sebelum penggunaan AI menjadi luas, lebih dari setengah (53 persen) juga yakin manfaat implementasi AI di perusahaan akan melebihi gangguan yang ditimbulkan pada tenaga kerja. Menurut para pemimpin bisnis yang disurvei, AI sedang diadopsi dengan cepat oleh bisnis di Inggris. Tiga perempat (76 persen) responden mengatakan mereka mengharapkan alat-alat baru tersebut akan memberikan manfaat nyata bagi organisasinya dalam 12 bulan ke depan. Bisnis-bisnis ini mengatakan mereka berinvestasi dalam AI untuk berbagai hal, terutama meningkatkan produktivitas dan efisiensi, serta mengurangi biaya dan mengisi kesenjangan keterampilan. Analisis BSI terhadap laporan tahunan perusahaan menunjukkan bahwa kata ""otomatisasi"" muncul hampir tujuh kali lebih sering daripada ""peningkatan keterampilan"" atau ""pelatihan ulang"". Survei terpisah yang baru-baru ini dilakukan Kongres Serikat Pekerja menunjukkan bahwa setengah dari masyarakat usia dewasa di Inggris khawatir tentang dampak AI terhadap pekerjaan mereka, takut AI dapat mengambil alih atau mengubah pekerjaan mereka. Pasar tenaga kerja Inggris telah melambat dalam beberapa bulan terakhir dan pertumbuhan upah juga melambat. Tingkat pengangguran resmi Inggris kini mencapai 4,7 persen, level tertinggi dalam empat tahun. Namun, sebagian besar ekonom tidak yakin masalah ini berkaitan dengan percepatan investasi dalam AI. (lom/dmi) [Gambas:Video CNN]"
sinopsis-would-you-marry-me-pura-pura-jadi-pasutri-demi-rumah,Film,"Sinopsis Would You Marry Me, Pura-pura Jadi Pasutri demi Rumah","Jakarta, CNN Indonesia -- Would You Marry Me? menjadi drama Korea romcom terbaru tayang Oktober 2025. Drama tersebut dibintangi Jung So-min dan Choi Woo-shik yang pura-pura menjadi pasangan suami istri karena kondisi. Semua dimulai dari keretakan hubungan yang dialami Yoo Me-ri (Jung So-min) dengan calon suaminya, dan tak sengaja membawanya bertemu Kim U-ju (Choi Woo-shik). Lihat Juga : 5 Rekomendasi Drama Korea Terbaru Tayang Oktober 2025 ADVERTISEMENT SCROLL TO CONTINUE WITH CONTENT Berikut sinopsis Would You Marry Me?. Would You Marry Me? menceritakan Yoo Me-ri seorang desainer yang sedang berupaya mencari proyek baru di tengah persiapan pernikahannya dengan Kim U-ju (Seo Beom-june), kekasih yang telah bersamanya lima tahun terakhir. Di tengah semua proses itu, Me-ri menemukan sederet bukti bahwa Kim U-ju ternyata selingkuh. U-ju pun akhirnya mengakui sudah bersama perempuan lain dan akhirnya sepakat berpisah. [Gambas:Video CNN] Namun, proses perpisahan mereka tidak mudah. Meski belum secara resmi gelar acara pernikahan, keduanya telah mendaftarkan administrasi pernikahan mereka lebih awal demi bisa mendapatkan pinjaman untuk cicilan rumah. Pinjaman itu dilakukan atas nama Me-ri. Sayangnya, mereka ternyata jadi korban penipuan. Rumah yang mereka beli bukan diiklankan pemilik, melainkan penipu. Hal itu membuat Me-ri rugi jutaan won. Sementara itu, Kim U-ju tidak mau peduli lagi setelah mereka putus dan mengajukan pembatalan pernikahan. Situasi tersebut membuat Me-ri begitu terpukul dan mengonsumsi begitu banyak alkohol. Pilihan Redaksi Mungkinkah Sinetron Indonesia Bisa Seperti Drama Korea? Taxi Driver 3 Tayang Mulai 21 November Me-ri yang mabuk kemudian tidak sengaja diserempet Kim U-ju (Choi Woo-shik) yang merupakan anak tunggal sekaligus pewaris generasi keempat Myungsoondang, toko roti tertua di Korea Selatan yang didirikan 80 tahun lalu. Kim U-ju adalah seorang pemimpin tim pemasaran yang berbakat dan perfeksionis, namun seorang narsisis yang logis dan bertekad untuk menjalankan bisnis keluarga menggantikan mendiang ayahnya. Insiden itu membuat U-ju berniat bertanggung jawab kepada Me-ri. Namun, Me-ri yang mabuk malah mengira U-ju adalah mantan calon suaminya yang berselingkuh karena kesamaan nama mere. Sehingga ia menghajar U-ju di pinggir jalan. Keduanya pun kembali bertemu saat proyek desain yang ditangani tim U-ju ternyata hasil karya Me-ri. Saat itu, Me-ri dengan tekad bulat mengajak U-ju pura-pura menjadi suaminya. Hal itu dikarenakan Me-ri ternyata memenangkan hadiah rumah dari undian yang ia ikuti ketika mempersiapkan pernikahannya. Lihat Juga : 5 Rekomendasi Drama Korea Terpopuler September 2025 Permasalahan terjadi saat rumah itu baru bisa diberikan jika Me-ri bisa datang dan mengklaimnya bersama sang suami. Perempuan tersebut pun langsung membujuk U-ju untuk pura-pura menjadi suaminya. U-ju yang awalnya menolak permintaan itu akhirnya mau karena berhubungan dengan nasib proyek desain perusahaannya. Namun, keduanya tidak tahu bahwa mereka harus tinggal di rumah tersebut setidaknya tiga bulan dan dalam pantauan pengawas sebelum mendapatkan surat-surat kepemilikan rumah itu. Jung So-min dan Choi Woo-shik untuk drama Korea Would You Marry Me (2025). (SBS) Would You Marry Me? merupakan drama baru garapan penulis Lee Ha-na yang sebelumnya garap Rookie Cops (2022). Drama ini diarahkan sutradara Song Hyun-wook (The Golden Spoon, The Beauty Inside) bersama Hwang In-hyuk (Sungkyunkwan Scandal). Drama ini juga dibintangi Shin Seul-ki, Bae Na-ra, Jung Ae-ri, Kim Young-min, Go Geon-han, hingga Oh Eun-seo yang memerankan Yoo Me-ri versi anak-anak. Would You Marry Me? tayang setiap Jumat dan Sabtu mulai 10 Oktober di Disney+. [Gambas:Youtube] (chri)"
berapa-gaji-patrick-kluivert-di-timnas-indonesia,Sepakbola,Berapa Gaji Patrick Kluivert di Timnas Indonesia?,"Jakarta, CNN Indonesia -- Patrick Kluivert tengah jadi perbincangan. Bukan karena kesuksesan, melainkan karena kegagalan di Timnas Indonesia . Kluivert sudah sejak lama dikenal pecinta sepak bola, termasuk di Indonesia. Andalan timnas Belanda pada tahun 1990-an hingga 2000-an dan pernah memperkuat klub-klub seperti Ajax, AC Milan, Barcelona, dan Newcastle United. Puluhan tahun setelah dikenal fans sepak bola di Indonesia, Kluivert kemudian datang sebagai sosok spesial. PSSI menunjuk mantan penyerang itu sebagai pelatih. ADVERTISEMENT SCROLL TO CONTINUE WITH CONTENT Pilihan Redaksi Daftar 21 Negara Lolos ke Piala Dunia 2026 Kritik Keras dari Belanda untuk Kluivert di Indonesia: Tidak Layak Jika Pecat Kluivert, PSSI Harus Bayar Kompensasi Berapa? Bukan saja posisinya yang krusial, kedatangannya pun tidak main-main karena menggantikan posisi Shin Tae Yong. Banyak suporter yang menilai Shin tak punya masalah untuk diganti. PSSI sebagai pembuat keputusan sudah mengetuk palu. Kluivert resmi menjadi pelatih Timnas Indonesia pada 12 Januari 2025. Ketika Kluivert datang, banyak pertanyaan muncul. Dari kelayakan menjadi pelatih hingga soal gaji yang diterima. Dilansir dari Antara , Kluivert mendapat gaji sekitar Rp1,3 hingga Rp1,5 miliar per bulan atau sebesar Rp18 miliar per tahun. Dengan kontrak dua tahun, maka sosok yang pernah melatih timnas Curacao itu bakal mendapat Rp36 miliar. Ada spekulasi pula yang menyebut Kluivert mendapatkan upah Rp2,3 miliar per bulan lantaran kasus yang melibatkan klub Turki. Menurut media olahraga Turki, Adana Demirspor klub yang sebelumnya dilatih Kluivert dijatuhi sanksi FIFA berupa larangan transfer hingga tiga periode karena klub tersebut belum membayar utang sebesar 142 ribu euro atau Rp2,3 miliar kepada Kluivert. Dengan gaji tersebut, kini Kluivert berada di ujung tanduk setelah gagal membawa Indonesia melangkah mendekati Piala Dunia 2026. [Gambas:Video CNN] (nva/har)"
purbaya-sebut-imf-puji-ri-bright-spot-di-tengah-ketidakpastian-global,Makro,Purbaya Sebut IMF Puji RI: Bright Spot di Tengah Ketidakpastian Global,"Jakarta, CNN Indonesia -- Menteri Keuangan Purbaya Yudhi Sadewa mengatakan Dana Moneter Internasional ( IMF ) mengapresiasi keberhasilan pemerintah Indonesia dalam mendorong pertumbuhan ekonomi tinggi di tengah ketidakpastian global. Hal itu disampaikan dalam pertemuan Purbaya dengan Managing Director IMF Kristalina Georgieva secara virtual, yang dibagikan akun Instagram @menkeuri, Minggu (12/10). ""IMF memandang Indonesia sebagai bright spot di tengah ketidakpastian global.Reformasi kelembagaan, pembentukan Danantara, hilirisasi SDA, dukungan likuiditas, optimalisasi generasi muda, serta keberhasilan meredam keresahan publik merupakan kunci keberhasilan,"" kata Purbaya. ADVERTISEMENT SCROLL TO CONTINUE WITH CONTENT IMF, sambung Purbaya, mengatakan pemerintah RI bisa mendorong pertumbuhan ekonomi di tengah perubahan struktural geopolitik, teknologi, dan demografi yang memicu ketidakpastian, serta banyaknya negara yang menghadapi lonjakan utang publik dan meningkatnya aspirasi generasi muda atas kesempatan kerja. Lihat Juga : Purbaya Ungkap Rapor 5 Bank dalam Salurkan Rp200 T, Mana Paling Bagus? Indonesia dinilai resilien dan berpeluang besar mencapai pertumbuhan tinggi. Fundamental ekonomi yang kuat, disiplin fiskal yang konsisten dijaga, serta sektor swasta yang adaptif dan tangguh disebut menjadi faktor kunci. ""Kebijakan fiskal pro-pertumbuhan dengan tetap menjaga disiplin fiskal menjadi nilai tambah bagi leadership pemerintah,"" kata Purbaya. Dalam pertemuan itu, Purbaya menegaskan komitmen disiplin fiskal di mana defisit APBN dijaga di bawah 3 persen dan rasio utang di bawah 60 persen terhadap PDB. Selain itu peran swasta diperkuat, didukung belanja fiskal yang efektif menggerakkan ekonomi. Insentif dunia usaha juga diberikan, suplai likuiditas berbunga rendah dipastikan memadai, serta proses deregulasi dipercepat. ""Base money tumbuh sekitar 13 persen (yoy, September) pasca penempatan Rp200 T uang negara berbunga rendah di bank Himbara. Ini bagian dari cash management, menjaga likuiditas kas negara aman sesuai disiplin fiskal namun tetap produktif mendorong ekonomi,"" kata Purbaya. ""Mewujudkan pertumbuhan ekonomi lebih tinggi dan mengembalikan sentimen positif publik menjadi prioritas jangka pendek. Keyakinan publik terus dibangun, terutama generasi muda terhadap lapangan kerja dan masa depan ekonomi,"" sambungnya. [Gambas:Video CNN] (fby/agt)"
penjelasan-dpr-soal-kenaikan-dana-reses-dan-dugaan-salah-transfer,Politik,Penjelasan DPR soal Kenaikan Dana Reses dan Dugaan Salah Transfer,"Jakarta, CNN Indonesia -- Wakil Ketua DPR Sufmi Dasco Ahmad angkat suara soal isu kenaikan dana reses untuk setiap anggota dewan yang kembali menjadi sorotan baru-baru ini. Ada dua isu kenaikan dana reses. Pertama, isu kenaikan dana reses anggota DPR periode 2024-2029 dari periode 2019-2024. Dasco tak membantah isu kenaikan yang angkanya mencapai hampir dua kali lipat tersebut. Menurut dia, ada kenaikan dana reses DPR periode 2024-2029 yang kini menjadi Rp702 juta, dari semula Rp400 juta di periode 2019-2024. Dasco mengatakan kenaikan itu imbas komponen, kegiatan, dan jumlah titik kunjungan anggota DPR yang bertambah di daerah pemilihan (dapil) mereka. Hanya saja, Dasco tak merinci perbedaannya. ADVERTISEMENT SCROLL TO CONTINUE WITH CONTENT ""Kemudian ada perubahan kenaikan indeks dan jumlah titik reses sehingga menyebabkan dia jadi Rp702 juta,"" kata Dasco saat dihubungi Sabtu (11/10). Lihat Juga : Pimpinan DPR Tegaskan Tak Ada Kenaikan Dana Reses Oktober 2025 Reses adalah masa saat anggota DPR tak melakukan kegiatan sidang di kompleks parlemen. Sebagai gantinya, mereka akan kembali ke dapil mereka untuk menyerap aspirasi masyarakat hingga bakti sosial (baksos). Total ada 84 dapil di seluruh Indonesia yang diwakili 580 anggota DPR. Reses dilakukan biasanya antara 4-5 kali dalam setahun dan dananya akan diterima dalam setiap kali masa reses tersebut. Khusus anggota DPR periode 2024-2029, kata Dasco, kenaikan terjadi karena jumlah titik kunjungan bertambah. Namun, dia juga tak menyebut rinciannya. Dasco menyebut kenaikan dana reses senilai Rp702 juta tersebut sudah resmi diteken per Mei 2025 lalu. ""Baru dilaksanakan pada bulan Mei. Nah sejak Mei itu Rp702 juta. Karena selain indeksnya naik, jumlah titiknya naik,"" kata dia. Lihat Juga : Tunjangan Rumah Anggota DPRD Bandung Capai Puluhan Juta per Bulan Wacana kenaikan lagi Selain kenaikan dari periode sebelumnya, Dasco menjelaskan, semula ada rencana kenaikan kembali per Agustus 2025, dari Rp702 juta menjadi Rp756 juta atau naik sebesar Rp54 juta. Namun, lanjut dia, kenaikan itu telah dibatalkan imbas gelombang demo 25-31 Agustus lalu. Sama halnya dengan tunjangan rumah yang dibatalkan, Dasco menyebut dana reses menjadi Rp756 juta juga telah dibatalkan. Menurut dia, usul kenaikan itu sebelumnya dilakukan karena ada penambahan titik kunjungan reses. ""Dana ini kita juga enggak disetujuin, termasuk tunjangan rumah dibatalkan, penambahan titik kita juga enggak setujui,"" kata Dasco. Namun, Ketua Harian DPP Partai Gerindra itu menambahkan, ada kekeliruan dari Sekretariat Jenderal (Setjen) DPR soal kenaikan tersebut. Menurut dia, Setjen DPR mengira wacana kenaikan itu berjalan per Oktober. Akibatnya, beberapa anggota DPR menerima dana reses sebesar Rp756 juta sesuai usul kenaikan. Namun, Dasco memastikan dana tersebut telah dikembalikan sehingga dana reses tetap sesuai kenaikan per Mei sebesar Rp702 juta. ""Dia pikir si Rp54 juta ini dia oke. Tapi belum juga tertransfer . Nah kemudian ditarik balik sudah didebit balik semuanya tadi tetap Rp702 juta,"" kata Dasco. ""Nah 702 itu tapi adalah kebijakan reses 2024-2029. Yang memang indeksnya naik dan penambahan titik resenya,"" imbuhnya. Lihat Juga : Mendagri Tito Perintahkan Tunjangan Rumah DPRD Segera Dievaluasi (thr/dal) [Gambas:Video CNN]"
foto-saling-klaim-bunuh-musuh-dalam-pertempuran-pakistan-afganistan,Asia Pasifik,FOTO: Saling Klaim Bunuh Musuh dalam Pertempuran Pakistan-Afganistan,"Jakarta, CNN Indonesia --
                    Afghanistan dan Pakistan saling klaim telah menewaskan puluhan tentara satu sama lain dalam bentrokan di perbatasan antara kedua negara, Sabtu (11/10) malam. Bagikan: url telah tercopy"
yang-dikhawatirkan-dari-kuwait-yang-berulah-wasit-china,Sepakbola,"Yang Dikhawatirkan dari Kuwait, yang Berulah Wasit China","Jakarta, CNN Indonesia -- Timnas Indonesia dan masyarakat Indonesia dibuat marah dengan wasit asal China, Ma Ning, yang melakukan sejumlah kontroversi saat melawan Irak pada babak 4 Kualifikasi Piala Dunia 2026 di Jeddah, Arab Saudi, Minggu (12/10) dini hari WIB. Indonesia menelan kekalahan 0-1 dari Irak. Sempat mendominasi permainan di babak pertama, Jay Idzes dan kawan-kawan akhirnya kalah lewat gol Zidane Iqbal di babak kedua. Kekalahan Indonesia diwarnai sejumlah keputusan kontroversial Ma Ning. Pelatih 46 tahun itu membuat sejumlah keputusan yang merugikan Timnas Indonesia. ADVERTISEMENT SCROLL TO CONTINUE WITH CONTENT Pilihan Redaksi Daftar 21 Negara Lolos ke Piala Dunia 2026 Kritik Keras dari Belanda untuk Kluivert di Indonesia: Tidak Layak Daftar 5 Pelatih Calon Pengganti Patrick Kluivert di Timnas Indonesia Setidaknya ada dua keputusan Ma Ning yang menjadi kontroversi besar di laga Indonesia vs Irak. Pertama, saat hanya memberi kartu kuning untuk Zaid Tahseen pada menit ke-66 setelah melakukan pelanggaran orang terakhir terhadap Ole Romeny. Kedua, Ma Ning tidak memberi penalti untuk Indonesia ketika Kevin Diks disikut Tahseen saat injury time babak kedua. Tahseen hanya mendapat kartu kuning kedua. Ma Ning kembali membuat kesal fans Indonesia usai laga. Wasit yang sudah menjadi wasit FIFA sejak 2011 itu menolak ajakan jabat tangan yang dilakukan kapten Timnas Indonesia Jay Idzes. ""Saya selalu berusaha menghormati siapa pun. Wasit, organisasi, segalanya. Namun hari ini sejumlah hal yang terjadi dan dalam pendapat saya tidaklah tepat. Namun pada akhirnya, wasit yang memutuskan. Jadi, kami harus menjalaninya. Setelah laga berakhir, saya ingin menyalami wasit, tetapi mereka bilang tidak,"" ucap Jay Idzes. Wasit Kuwait Ahmad Al Ali lebih tegas Semula tidak ada kekhawatiran terhadap wasit Ma Ning yang memimpin laga Indonesia vs Irak. Publik Indonesia, termasuk PSSI dan sejumlah pemain, lebih khawatir dengan penunjukan wasit asal Kuwait Ahmad Al Ali untuk laga Indonesia vs Arab Saudi. Sebaliknya, Ahmad Al Ali justru menunjukkan performa solid sepanjang 90 menit. Wasit 41 tahun itu tegas dalam memimpin dan tidak malu untuk melihat VAR demi mengambil keputusan yang tepat. Wasit Ahmad Al Ali mendapat pujian saat memimpin Indonesia vs Arab Saudi. (REUTERS/Stringer) Berbeda dengan Ma Ning yang selalu mengambil keputusan subjektif tanpa memanfaatkan second opinion menggunakan VAR di momen krusial, Ahmad Al Ali selalu melihat VAR untuk mengambil keputusan penting, terutama saat momen tiga penalti di laga Indonesia vs Arab Saudi. Ahmad Al Ali pun berani memberi kartu merah kepada pemain Arab Saudi, Mohamed Kanno, yang baru beberapa menit masuk lapangan karena membuang-buang waktu dan protes. Wasit asal Kuwait itu kemudian dihujat fans Arab Saudi. Padahal sebelum laga Indonesia vs Arab Saudi, kehadiran Ahmad Al Ali sempat dikhawatirkan pihak Indonesia. Sebagai wasit asal Kuwait, yang satu regional dengan Arab Saudi, ada kekhawatiran terkait netralitas Ahmad Al Ali. [Gambas:Video CNN] (har)"
ganggu-produktivitas-makanan-ini-bikin-kamu-ngantuk-di-siang-hari,Food,"Ganggu Produktivitas, Makanan Ini Bikin Kamu Ngantuk di Siang Hari","Jakarta, CNN Indonesia -- Mengantuk di siang hari rasanya normal apalagi setelah makan siang. Namun saat rasa kantuk sampai mengganggu produktivitas, sebaiknya cek lagi apa yang Anda konsumsi. Studi terbaru mengungkap ada makanan yang bikin mengantuk di siang hari. Riset terbaru yang diterbitkan di Lancet eBioMedicine mengidentifikasi beberapa molekul darah yang dikaitkan dengan rasa kantuk di siang hari. Rasa kantuk ini terus terasa hingga mengganggu aktivitas. Lihat Juga : Hati-hati, 9 Makanan Ini Bisa Bikin Kamu Susah Tidur ADVERTISEMENT SCROLL TO CONTINUE WITH CONTENT Peneliti menemukan rasa kantuk sangat berkaitan dengan makanan yang mengandung tiramin seperti keju tua, tahu, kimchi dan salami, lalu sfingomielin yang terdapat pada telur, susu, dan daging. ""Beberapa makanan, terutama makanan fermentasi yang tinggi tiramin, dapat mengganggu neurotransmiter seperti serotonin dan melatonin yang mengatur siklus tidur dan bangun, yang menyebabkan rasa pusing yang lebih parah,"" jelas dietisien Scott Keatley mengutip dari Women's Health Magazine . Pilihan Redaksi Ini Daftar Makanan yang 'Haram' Dimakan Penderita Batu Empedu Cerita Wanita Polandia yang Meninggal di Bali akibat Diet Buah Ekstrem Studi mengumpulkan data 877 metabolit atau produk molekul kecil dan produk sampingan metabolisme yang dipengaruhi pola makan dan hormon. Data tersebut berdasar sampel darah dari 6.000 orang yang berpartisipasi dalam Hispanic Community Health Study/Study of Latinos. Selain makanan yang memicu kantuk, peneliti juga mengecek nutrisi yang berkaitan dengan penurunan rasa kantuk seperti omega-3 dan omega-6. Pangan yang tinggi nutrisi tersebut antara lain, biji-bijian dan kacang-kacangan. Dari riset ini, Anda perlu memperhatikan menu harian terutama menu makan siang. Untuk menghindari rasa kantuk, disarankan mengonsumsi pangan tinggi asam lemak omega-3 dan omega-6. Akan tetapi, rasa kantuk di siang hari tidak hanya berkaitan dengan makanan tapi juga kebiasaan tidur, hidrasi, aktivitas fisik, stres, dan konsumsi obat tertentu. (els/els) [Gambas:Video CNN]"
tunggakan-iuran-bpjs-yang-mau-dihapus-pemerintah-capai-rp7-t,Keuangan,Tunggakan Iuran BPJS yang Mau Dihapus Pemerintah Capai Rp7 T,"Jakarta, CNN Indonesia -- Direktur Utama BPJS Kesehatan Ali Ghufron Mukti mengatakan tunggakan iuran peserta BPJS Kesehatan yang akan dihapus pemerintah mencapai Rp7,691 triliun. Ia mengatakan proses penghapusan tunggakan masih dalam proses. ""Tunggakan yang rencana pemutihan sekitar Rp7,691 triliun,"" katanya kepada CNNIndonesia.com, Senin (13/10). ADVERTISEMENT SCROLL TO CONTINUE WITH CONTENT ""Masih dalam proses. Kalau sudah jadi kebijakannya, BPJS Kesehatan siap,"" sambungnya. Lihat Juga : Purbaya Tolak Bayar Utang Whoosh Pakai APBN, Ini Respons Istana Menteri Sekretaris Negara Prasetyo Hadi sebelumnya mengatakan rencana penghapusan semua tunggakan iuran BPJS Kesehatan sedang dipertimbangkan pemerintah. Menurutnya, pemerintah masih perlu memverifikasi data. ""Sedang dipelajari dulu, dihitung dulu. Ada rencana seperti itu, tapi mohon waktu karena itu kan pasti harus dihitung. Datanya juga harus diverifikasi, kemudian angka nominalnya juga harus dipertimbangkan,"" ungkap Prasetyo, Kamis (9/10), dilansir CNBC Indonesia. Sementara itu, Menteri Keuangan Purbaya Yudhi Sadewa mengaku belum mendengar rencana pemerintah untuk menghapus semua tunggakan BPJS Kesehatan. Purbaya mengatakan hal tersebut masih akan didiskusikan pemerintah. ""Saya saja masih nanya sekjen saya, rupanya saya masih belum dikasih tahu. Jadi masih didiskusikan itu masalahnya, siapa nanti yang akan bayar BPJS Kesehatan,"" kata Purbaya via Zoom saat mengisi Media Gathering Kemenkeu 2025 di Novotel Bogor, Jawa Barat, Jumat (10/10). Purbaya mengatakan akan bertemu dengan Menteri Sekretaris Negara Prasetyo Hadi membahas rencanan penghapusan tunggakan BPJS Kesehatan. ""Nanti kita akan follow up update begitu saya dapat berita lebih jelas atau hasil pertemuan yang lebih jelas dengan Mensesneg,"" kata Purbaya. Rencana penghapusan tunggakan iuran BPJS Kesehatan pertama kali diungkap Menteri Koordinator Pemberdayaan Masyarakat Muhaimin Iskandar. Ia menyebut tunggakan itu mencapai triliunan rupiah. [Gambas:Video CNN] (fby/pta)"
video-gencatan-senjata-hamas-israel-akankah-permanen,Detail,"VIDEO: Gencatan Senjata Hamas-Israel, Akankah Permanen?","Jakarta, CNN Indonesia -- Gencatan senjata antara Israel dan Hamas telah disepakati. Hal yang penting adalah dunia harus mengawasi disiplinnya masing-masing pihak menaati butir-butir kesepakatan, termasuk mengakhiri perang di Jalur Gaza. Terbaru, para negara mediator akan menandatangani perjanjian damai Gaza ini di Mesir. Bagaimana menanti babak baru perjanjian ini? Anchor Diana Valencia membahasnya dalam kacamata Editorial bersama Wakil Pemimpin Redaksi CNN Indonesia Revolusi Riza dalam CNN Indonesia Prime News."
polisi-periksa-dj-panda-soal-pengancaman-ke-erika-carlina-lusa,Hukum Kriminal,Polisi Periksa DJ Panda soal Pengancaman ke Erika Carlina Lusa,"Jakarta, CNN Indonesia -- Polisi menjadwalkan pemeriksaan terhadap Giovanni Surya Saputra atau DJ Panda terkait kasus dugaan ancaman terhadap artis Erika Carlina pada Rabu (15/10) mendatang. ""Tanggal 15 (Oktober pemeriksaan terhadap DJ Panda),"" kata Kasubdit Renakta Ditreskrimum Polda Metro Jaya AKBP Iskandarsyah saat dikonfirmasi, Senin (13/10). Ini merupakan pemeriksaan pertama DJ Panda setelah laporan Erika tersebut ditingkatkan ke tahap penyidikan. Dalam pemeriksaan ini, DJ Panda masih berstatus sebagai saksi. ADVERTISEMENT SCROLL TO CONTINUE WITH CONTENT ""Iya, (DJ Panda masih) saksi,"" ucap Iskandarsyah. Lihat Juga : Laporan Erika ke DJ Panda soal Dugaan Pengancaman Naik Penyidikan Erika melaporkan DJ Panda terkait dugaan pengancaman ke Polda Metro Jaya. Laporan teregister dengan nomor LP/B/5027/VII/2025/SPKT/POLDA METRO JAYA. Berdasarkan laporan yang dilayangkanErika, peristiwa bermula saat yang bersangkutan mendapat informasi dari saksi B bahwa ada pesan ancaman yang dikirim DJ Panda. ""Terlapor (DJ Panda) mengirimkan pesan melalui Whatsapp Grup menggunakan nomor 0821-XXXX-XXXX yang isinya mengancam akan menghancurkan karir korban,"" kata Kabid Humas Polda Metro Jaya Kombes Ade Ary Syam Indradi kepada wartawan, Jumat (25/7). ""Terlapor juga ingin membuat berita bohong dengan menyebutkan bahwa anak dalam kandungan korban bukan anaknya. Kemudian terlapor Juga mengatakan bahwa Korban seorang psikopat,"" imbuhnya. Tak hanya itu, DJ Panda juga disebut mengirimkan data pribadiErikadi sebuah rumah sakit ke dalam grup Whatsapp tersebut. Termasuk, foto USG milikErika. DJ Panda dilaporkan terkait dugaan pelanggaran Pasal 335 dan atau Pasal 28 Ayat (2)JoPasal 45 UU ITE dan atau Pasal 65 Ayat (2) UU 27 Tahun 2022 tentang Perlindungan Data Pribadi. Lihat Juga : Duduk Perkara Dugaan Pengancaman Erika Carlina oleh DJ Panda (dis/ugo) [Gambas:Video CNN]"
