Word,Frequency
pengaruh,3555
kerja,3321
teliti,2720
variabel,2519
uji,1652
usaha,1494
karyawan,1328
signifikan,1310
hasil,1114
nilai,982
analisis,909
putus,795
sampel,730
beli,723
parsial,700
simultan,669
tuju,647
data,642
metode,641
positif,640
pt,620
regresi,584
kunci,562
tingkat,547
puas,543
t,536
dasar,520
ganda,508
indonesia,505
saham,496
x,495
teknik,481
produk,467
return,423
harga,410
bangkal,403
ambil,396
sampling,391
bimbing,388
dominan,388
linier,380
bank,368
konsumen,365
f,353
milik,347
bursa,342
efek,339
hipotesis,338
ratio,337
kualitas,330
merek,328
daftar,327
kuantitatif,324
responden,310
bawah,298
uang,296
kabupaten,295
oleh,295
mm,294
pegawai,293
madura,288
periode,285
r,283
tbk,274
prestasi,260
populasi,255
motivasi,251
on,246
trunojoyo,245
universitas,242
organisasi,232
bebas,223
faktor,221
mahasiswa,218
dekat,212
studi,211
purposive,211
koefisien,210
dr,210
surabaya,202
hitung,201
to,200
promosi,196
equity,192
layan,190
profitabilitas,189
disiplin,188
pasar,182
camat,181
thitung,173
ukur,172
msi,169
modal,168
rasio,165
ekonomi,161
ikat,160
lingkung,160
cabang,159
asset,157
analis,156
bei,154
roa,152
kompensasi,151
signifikansi,151
sisa,150
mana,150
struktur,149
drs,148
citra,146
asumsi,145
square,143
biaya,141
pimpin,140
temu,138
persero,138
sehat,138
klasik,137
produktivitas,136
jual,133
simpul,132
fakultas,131
bukti,130
perilaku,128
sumenep,128
sektor,128
mampu,127
komitmen,127
bersamasama,125
dana,125
komunikasi,124
y,122
debt,122
manajemen,122
orang,121
value,120
earning,118
kuesioner,117
kompetensi,117
model,117
besar,116
laba,116
kembang,115
fisik,114
determinasi,113
kumpul,113
sosial,113
pamekasan,112
daya,111
langsung,110
budaya,109
independen,107
of,107
roe,107
iklan,106
pribadi,105
bisnis,105
stock,105
didik,104
makan,104
validitas,103
tumbuh,103
sampang,102
instrumen,101
baur,101
deskriptif,99
ec,98
beda,96
langgan,95
share,95
cerdas,95
persepsi,94
reliabilitas,94
total,94
hj,94
loyalitas,93
konflik,93
h,93
terima,92
rumah,92
volume,90
stres,90
split,90
sumber,89
spss,89
pakai,89
marketing,89
ajar,89
salah,88
hubung,88
distribusi,88
negatif,88
gaya,88
alat,87
kantor,87
latih,85
guru,85
motor,85
optimal,85
ttabel,85
laksana,84
non,84
b,84
guna,84
portofolio,84
strategi,83
eva,82
kamal,81
minum,81
investasi,81
jenis,81
industri,81
brand,80
desa,80
emosional,80
percaya,79
beta,79
tentu,79
putar,79
adjusted,78
variable,78
banding,78
capital,77
size,76
linear,76
sikap,75
wawancara,75
individu,74
fhitung,73
risiko,73
kriteria,73
lamongan,72
produksi,72
dra,71
lapor,69
finansial,69
margin,69
otomotif,69
dinas,68
atribut,68
alami,68
current,68
pesan,68
batik,68
der,68
bagi,66
kota,66
akuisisi,66
added,66
loan,65
nasabah,65
masyarakat,64
toko,64
pilih,64
dagang,64
eps,64
dukung,63
saing,63
bangkrut,63
kas,63
s,62
dependen,61
price,61
mandiri,61
dapat,60
butuh,59
ldr,59
random,58
jabat,58
manufaktur,58
net,58
peran,57
turnover,57
alam,57
sesuai,56
skala,56
masuk,56
likuiditas,56
piutang,56
operasional,56
jamin,55
duga,55
media,55
signifikasi,55
program,54
capai,54
sebar,54
bantu,54
tabel,54
empati,54
beban,54
bunga,54
faktorfaktor,53
olah,53
a,53
etos,53
sepeda,53
unjung,53
hutang,53
helm,52
negara,52
aktivitas,52
ud,52
bentuk,51
pustaka,50
tunjuk,50
proses,50
cv,50
barang,50
kondisi,50
syariah,50
tenaga,50
perban,50
sekunder,50
economic,50
sebab,49
gresik,49
profit,49
kreativitas,49
rumus,48
roi,48
suku,48
online,47
honda,47
kelompok,47
dividen,47
proporsi,47
awat,47
assets,47
likert,46
sedia,46
kategori,46
objek,45
aktiva,45
kemas,45
image,45
perintah,45
statistik,44
nyata,44
jasa,44
bijak,44
and,44
rendah,44
koperasi,44
nokia,44
tabung,44
mudji,44
prediksi,44
smartphone,44
harap,43
npl,43
kuat,43
iriani,43
firm,42
leverage,42
finance,42
bambang,42
public,42
empat,42
m,42
sub,42
ismail,42
internal,42
indeks,41
alkirom,41
tanggap,41
investor,41
car,41
tiga,41
semen,41
buyung,40
manusia,40
zscore,40
market,40
aulia,40
wisata,40
kuswinarno,40
rajin,40
nim,40
handphone,39
heru,39
jaya,39
manajerial,39
bersih,39
insentif,39
identifikasi,38
risk,38
daerah,38
karir,38
jangka,38
corporate,38
liput,38
mva,38
terap,37
semangat,37
bri,37
interpersonal,37
anugrahini,37
tahan,37
wildan,37
echsan,37
bumn,37
dimensi,36
utama,36
pln,36
minat,36
wanita,36
fasilitas,36
ftabel,35
tetap,35
tari,35
sakit,35
prasetyo,35
purnamawati,35
gatot,35
investment,35
rp,35
leasing,35
orientasi,35
human,35
informasi,34
untung,34
sadar,34
go,34
judul,34
anam,34
sama,34
cr,34
pranjoto,34
merger,34
inflasi,34
slovin,34
relation,34
observasi,33
perhati,33
the,33
altman,33
ratarata,33
masingmasing,33
asosiasi,33
yamaha,33
nugroho,33
penuh,33
skripsi,33
irawati,33
karakteristik,33
wispandono,33
sidoarjo,33
deposit,33
sistem,32
wilayah,32
makmur,32
konsumsi,32
dampak,32
faidal,32
selamat,32
pindah,32
kredit,32
manfaat,31
stratified,31
kehandalan,31
turun,31
belanja,31
efektivitas,31
hidup,31
kab,31
kpri,31
zulkifli,31
rm,31
sharpe,31
real,31
financial,31
atas,30
intention,30
alternatif,30
rokok,30
sig,30
experiential,30
csr,30
significant,30
estate,30
bidang,29
performance,29
psikologis,29
kelola,29
relationship,29
masalah,29
rentabilitas,29
korelasi,29
makhmud,29
gani,29
farmasi,29
level,29
capm,29
bumi,29
management,29
job,29
akademik,28
baik,28
mix,28
dividend,28
indah,28
jalur,28
spi,28
sidogiri,28
chairul,28
btn,28
mkes,28
probabilitas,28
bina,28
mudah,27
partisipasi,27
muhammad,27
gerak,27
nasional,27
xl,27
ekuitas,27
marinal,27
intelektual,27
employee,27
cipta,26
pos,26
msm,26
yustina,26
tugas,26
as,26
institusional,26
iklim,26
abnormal,26
pegang,26
arus,26
ms,26
kapal,26
governance,26
indoprima,26
satu,25
accidental,25
lokasi,25
jurus,25
adira,25
kartu,25
interest,25
lengkap,25
analisa,25
banyak,25
sdm,24
simple,24
negeri,24
surya,24
lurah,24
swalayan,24
pribanus,24
test,24
sejahtera,24
jalan,24
tanah,24
merah,24
experience,24
kepala,24
gaji,24
sudarsono,24
swasta,24
store,24
semsi,24
dosen,23
performing,23
wantara,23
software,23
keluarga,23
social,23
multi,23
rekrutmen,23
tolak,23
aspek,23
dinamika,23
kait,23
springate,23
tanjung,23
bopo,23
adequacy,23
puskesmas,23
obligasi,23
efisien,22
terampil,22
moch,22
internet,22
for,22
nirma,22
seluler,22
quality,22
bundling,22
international,22
fashion,22
had,22
tempat,22
turn,22
over,22
present,22
apt,22
tinggi,22
mas,22
earnings,22
good,22
libat,22
abadi,22
intervening,22
personal,21
agung,21
maksimal,21
inovasi,21
fitur,21
lihat,21
efisiensi,21
urus,21
tahun,21
ii,21
reksadana,21
putri,21
st,21
mmt,21
standar,21
book,21
etika,21
citizenship,21
behavior,21
supervisi,21
ubah,20
status,20
setia,20
ecer,20
sample,20
chrismardani,20
semm,20
rakyat,20
satisfaction,20
komponen,20
burneh,20
blega,20
gigi,20
solvabilitas,20
sense,20
feel,20
relate,20
rencana,20
taman,20
karya,20
property,20
tambang,20
tim,20
growth,20
organizational,20
diri,20
pbv,20
laku,19
kuisioner,19
pangsa,19
kurriwati,19
area,19
lq,19
quick,19
chicken,19
garam,19
air,19
nur,19
fathor,19
tehnik,19
bahas,19
persentase,19
dwi,19
usia,19
tanggung,19
organisasional,19
think,19
act,19
tato,19
nila,19
jakarta,19
kramat,19
rotasi,19
produsen,19
interior,19
kerjasama,19
pdam,19
bkm,19
mayor,19
bidikmisi,19
laut,18
tahu,18
suasana,18
versi,18
aktif,18
dealer,18
jadi,18
resiko,18
badan,18
kuasa,18
desain,18
anggota,18
purnomo,18
customer,18
ayu,18
elektronik,18
sederhana,18
giat,18
kesiap,18
kereta,18
pricing,18
bojonegoro,18
tani,18
group,18
psikologi,18
kebun,18
mediasi,18
komisaris,18
audit,18
ikan,17
efektif,17
aman,17
televisi,17
nurita,17
andriani,17
ir,17
npm,17
timbal,17
si,17
arah,17
effect,17
awas,17
pantai,17
inovatif,17
mochammad,17
normalitas,17
api,17
imbang,17
eksternal,17
mustika,17
nurul,17
assurance,17
tangible,17
sales,17
dok,17
ocb,17
peringkat,17
murni,17
survei,16
sipil,16
primer,16
jawa,16
payout,16
self,16
suyono,16
isi,16
paired,16
restoran,16
instrument,16
telang,16
bmt,16
ugt,16
publisitas,16
pasta,16
latar,16
tunjang,16
fungsional,16
anggar,16
tulis,16
evaluasi,16
stress,16
dimoderasi,16
reksa,16
variabelvariabel,15
unggul,15
timur,15
kenal,15
survey,15
service,15
setiyo,15
pambudi,15
gudang,15
timbang,15
amaniyah,15
umur,15
probability,15
i,15
system,15
salur,15
sp,15
internasional,15
publikasi,15
activity,15
drsec,15
muh,15
jensen,15
independent,15
salon,15
wisatawan,15
kunjung,15
responsiveness,15
ro,15
subsektor,15
kec,15
spiritual,15
instan,15
polres,15
amat,14
gambar,14
landas,14
windows,14
tarik,14
frekuensi,14
profesionalisme,14
evaliati,14
blackberry,14
dpr,14
nyaman,14
alfamart,14
mohammad,14
inventory,14
zmijewski,14
index,14
kendali,14
family,14
general,14
responsibility,14
telekomunikasi,14
telkom,14
markowitz,14
aneka,14
related,14
indosat,14
trading,14
komite,14
indomaret,14
kerupuk,14
dewan,14
upaya,13
tuntut,13
lapang,13
lunak,13
kontribusi,13
filsafat,13
positivisme,13
anak,13
segi,13
this,13
paket,13
suramadu,13
ssi,13
minyak,13
kuantitas,13
kali,13
angka,13
luar,13
dunia,13
bangun,13
beri,13
investama,13
bni,13
cash,13
syarif,13
hypermart,13
plaza,13
empathy,13
hotel,13
anugerah,13
wewenang,13
polisi,13
hutan,13
fit,13
transformasional,13
mts,13
babat,13
attributes,13
personil,13
sanksi,13
diklat,13
affective,13
research,12
teknis,12
penting,12
vario,12
kualitatif,12
display,12
tawar,12
asal,12
atmosfer,12
business,12
kuci,12
muncul,12
ikut,12
format,12
is,12
strategy,12
sukses,12
expected,12
mohamad,12
lembaga,12
awareness,12
socah,12
positioning,12
product,12
galis,12
pepsodent,12
taraf,12
timbul,12
akuntansi,12
paramedis,12
catat,12
prinsip,12
elemen,12
event,12
iv,12
farma,12
unit,12
speedy,12
pademawu,12
pondok,12
operasi,12
central,12
jenuh,12
partisipatif,12
aqua,12
intrinsik,12
mie,12
distress,12
instansi,11
seleksi,11
tinjau,11
mutu,11
sistematis,11
utm,11
fenomena,11
kurang,11
mart,11
sifat,11
mojokerto,11
dorong,11
raya,11
cepat,11
astra,11
kimia,11
konsep,11
komputer,11
z,11
empiris,11
potensi,11
label,11
perceived,11
eka,11
karsa,11
umkm,11
maju,11
cost,11
e,11
bentoel,11
publik,11
imbal,11
saranasegara,11
identitas,11
museum,11
arief,11
asia,11
hadap,11
c,11
vixion,11
prasetya,11
treynor,11
kurs,11
tekstil,11
anggap,11
camplong,11
bumiputera,11
bcg,11
belakang,11
integritas,11
mitra,11
selesai,11
aparatur,11
prokrastinasi,11
kelamin,11
pocong,11
amdk,11
peneltian,11
telepon,11
serba,11
sedaap,11
rugi,11
labour,11
pensiun,11
personel,11
respon,11
emping,11
melinjo,11
attendant,11
intellectual,11
association,10
teknologi,10
administrasi,10
analysis,10
tipe,10
bpr,10
kecuali,10
niat,10
p,10
method,10
naik,10
sampoerna,10
tanam,10
jombang,10
graha,10
varibel,10
pekerjaankeluarga,10
industry,10
rawat,10
inap,10
wujud,10
teh,10
in,10
tanda,10
jaga,10
adiluhung,10
produktif,10
rasa,10
gabung,10
fundamental,10
fungsi,10
mada,10
moh,10
garmen,10
prospek,10
kontrol,10
ajb,10
dokumentasi,10
trisakti,10
rekan,10
gading,10
emphaty,10
opportunity,10
niaga,10
exterior,10
transaksional,10
cluster,10
beat,10
ipo,10
grey,10
kopi,10
bubuk,10
sarung,10
santosa,10
terasi,10
macajah,10
seacon,10
room,10
krisis,10
xiaomi,10
response,10
outsourcing,10
insecurity,10
serta,9
demokratis,9
langkah,9
nonfinansial,9
benar,9
exchange,9
stressor,9
barat,9
purchasing,9
free,9
komposisi,9
tunggal,9
marga,9
tiket,9
kembali,9
tambrin,9
pinjam,9
unsur,9
sulit,9
susun,9
dungkek,9
atur,9
kawin,9
alpha,9
tradisional,9
merk,9
peristiwa,9
ada,9
mandala,9
standart,9
tengah,9
swot,9
matrik,9
indikasi,9
puluh,9
simpan,9
ihsg,9
prodi,9
terbit,9
tambah,9
yahya,9
curve,9
bahan,9
yudhi,9
sekolah,9
menur,9
bayar,9
mataram,9
raden,9
posisi,9
mio,9
reliability,9
otoriter,9
negative,9
lemah,9
invesment,9
rahayu,9
liquidity,9
strata,9
atmosphere,9
layout,9
nonprobability,9
gain,9
cetak,9
duduk,9
jenjang,9
locus,9
control,9
koefisisen,9
involvement,9
nescafe,9
selfefficacy,9
karier,9
proportionate,9
variables,9
terminal,9
common,9
financing,9
prosedur,9
hotelhotel,9
ragam,9
burnout,9
person,9
organization,9
repurchase,9
irawatimm,8
desember,8
riset,8
reabilitas,8
fokus,8
koefisiensi,8
minimal,8
gerai,8
sempat,8
tom,8
jerry,8
mengunakan,8
emis,8
indikator,8
indicator,8
akibat,8
dewi,8
purchase,8
ingat,8
pecah,8
saji,8
lestari,8
pusat,8
klik,8
anti,8
asuransi,8
preferensi,8
jupiter,8
ibuibu,8
cair,8
produktifitas,8
kopontren,8
dalam,8
syamrabu,8
paham,8
norma,8
variasi,8
kaji,8
visi,8
nusantara,8
puasa,8
emotional,8
nopember,8
bep,8
safety,8
transportasi,8
keluar,8
islamic,8
jii,8
single,8
bagus,8
jiwa,8
wajib,8
budi,8
ttest,8
monica,8
tujuh,8
ho,8
usah,8
selling,8
bangga,8
pesantren,8
mania,8
senang,8
sri,8
statistika,8
planning,8
gas,8
tqm,8
divisi,8
sabun,8
damping,8
kharismatik,8
factor,8
biologis,8
tangguh,8
d,8
batubara,8
asta,8
kemahasiswaanfakultas,8
android,8
kelapa,8
ha,8
direksi,8
fcf,8
sprite,8
sop,8
out,8
ooredoo,8
buku,8
berwirausaha,8
malabis,8
consumption,8
menganalisa,7
perangkat,7
selenggara,7
sarana,7
listrik,7
ulang,7
consumer,7
decision,7
meguji,7
influence,7
at,7
with,7
that,7
supra,7
kredibilitas,7
penlitian,7
bas,7
gantung,7
layak,7
permai,7
petis,7
sido,7
bawa,7
ciri,7
shampoo,7
sasar,7
tri,7
ketat,7
study,7
januari,7
reaksi,7
dar,7
lombang,7
pratama,7
koefesien,7
dps,7
arbitrage,7
theory,7
sensus,7
lembar,7
trust,7
no,7
bilang,7
tekhnik,7
isotonik,7
pocari,7
sweat,7
collector,7
energi,7
rate,7
safrizal,7
indra,7
bmc,7
tukar,7
sstsemmt,7
radiant,7
esteem,7
goal,7
setting,7
serviceability,7
sambung,7
forensik,7
casablanca,7
pu,7
bakmi,7
gili,7
eq,7
kripik,7
singkong,7
muris,7
efikasi,7
transparansi,7
sempurna,7
akuntabilitas,7
takut,7
kreatifitas,7
coping,7
kayana,7
ahli,7
hijau,7
msquare,7
mean,7
properti,7
pta,7
tupperware,7
bidaskspread,7
qr,7
suluh,7
nganjuk,7
samarinda,7
bakery,7
underpricing,7
mebel,7
sindia,7
maron,7
realibility,7
kospin,7
services,7
branch,7
east,7
retention,7
whether,7
determine,7
teamwork,7
perfoming,7
dpk,7
npf,7
tangibility,7
minimarket,7
kud,7
impulse,7
buying,7
gunung,7
farindo,7
ninja,7
career,7
development,7
luas,6
deskripsi,6
pd,6
syarat,6
banking,6
celebrity,6
endorser,6
expertise,6
teori,6
behavioral,6
perusahaanperusahaan,6
keywords,6
home,6
dukuh,6
kupang,6
focus,6
indofood,6
penelitan,6
pandang,6
reputasi,6
pasien,6
attention,6
tidak,6
pasang,6
aktifitas,6
kopergu,6
berat,6
es,6
krim,6
walls,6
devi,6
benah,6
men,6
patner,6
datadata,6
letak,6
horizontal,6
ujit,6
hanjaya,6
diversifikasi,6
acak,6
masjid,6
cafe,6
tehadap,6
sudarsonomm,6
muka,6
realisasi,6
reward,6
kompetitif,6
lpkr,6
kalbe,6
proportional,6
mutasi,6
istimewa,6
estetika,6
menang,6
hicard,6
k,6
peluang,6
cari,6
oli,6
enduro,6
delegasi,6
proppo,6
kuadran,6
promotion,6
sunsilk,6
clean,6
fresh,6
santri,6
al,6
hikam,6
cak,6
dono,6
siti,6
panin,6
yoghurt,6
cimory,6
star,6
menu,6
soul,6
supervisiatasan,6
kuswinarnomsi,6
target,6
buat,6
apollo,6
masa,6
yield,6
federal,6
catch,6
up,6
activities,6
longterm,6
pomade,6
incidental,6
insidental,6
iq,6
sq,6
transmigrasi,6
provider,6
guardian,6
jungle,6
park,6
kaliotik,6
sma,6
conscientiousness,6
civic,6
virtue,6
has,6
arafat,6
ponsel,6
departemen,6
sumbang,6
operator,6
ketapang,6
garansi,6
aset,6
ladang,6
selisih,6
konstan,6
aspirasi,6
moderasi,6
makam,6
warung,6
mbak,6
nik,6
spesial,6
ceker,6
ayam,6
heuristik,6
utara,6
gun,6
kerjax,6
master,6
semadura,6
bbri,6
untr,6
probolinggo,6
perspektif,6
rgec,6
deposite,6
partially,6
wardhana,6
du,6
pont,6
rri,6
bonus,6
binatang,6
oleholeh,6
khas,6
ben,6
remunerasi,6
engagement,6
pay,6
tingkah,5
portal,5
importance,5
akurat,5
prioritas,5
situs,5
wildansemsi,5
profesional,5
pangarengan,5
cacat,5
top,5
attractiveness,5
klasiksedangkan,5
path,5
rangka,5
terang,5
purpossive,5
strength,5
location,5
diskriptif,5
kritis,5
fluktuatif,5
berbedabeda,5
form,5
united,5
pabrik,5
resmi,5
ink,5
jembatan,5
lubang,5
global,5
konvensional,5
goreng,5
sania,5
susu,5
indomilk,5
banyuanyar,5
jamu,5
angin,5
manyar,5
martabak,5
hawaii,5
tangga,5
keluargapekerjaan,5
aju,5
sial,5
subyektif,5
efektifitas,5
achmad,5
squere,5
lg,5
ramah,5
misi,5
anwar,5
indo,5
botol,5
sosro,5
loser,5
winner,5
aktual,5
pola,5
average,5
lancar,5
acu,5
point,5
batas,5
obyek,5
icmd,5
dramm,5
fstatistik,5
makro,5
zulkiflimsi,5
bappeda,5
garnier,5
panca,5
danamon,5
unvr,5
baku,5
angket,5
gemini,5
money,5
bonding,5
reciprocity,5
nomor,5
milyar,5
cantik,5
mi,5
huda,5
jabar,5
rentang,5
anggraini,5
kakek,5
sinar,5
mega,5
ssimm,5
pinasthika,5
agus,5
sumberrejo,5
mau,5
rmramayana,5
tegas,5
jajar,5
utang,5
peneliian,5
access,5
emotion,5
fakta,5
subjek,5
operational,5
efficiency,5
glagah,5
megetahui,5
harta,5
semsm,5
ma,5
annur,5
bengkel,5
ning,5
giligenting,5
altruism,5
courtesy,5
sportsmanship,5
konveksi,5
nine,5
smartfren,5
choirul,5
legitimasi,5
spesifikasi,5
sukolilo,5
switching,5
samsung,5
hutama,5
pucuk,5
harum,5
working,5
discount,5
ddm,5
elnusa,5
undervalued,5
ownership,5
regression,5
bepengaruh,5
religi,5
selection,5
skill,5
timing,5
ability,5
maksima,5
winata,5
halal,5
teri,5
crispy,5
lindung,5
kognitif,5
daun,5
kelor,5
filma,5
soap,5
cegah,5
karateristik,5
jati,5
lebih,5
koordinasi,5
through,5
java,5
positive,5
bakat,5
tren,5
visual,5
auditorial,5
kinestetik,5
rekreasi,5
nugget,5
gtt,5
tirta,5
sumekar,5
laras,5
shopping,5
lifestyle,5
karita,5
muslim,5
im,5
kavila,5
sreseh,5
relations,5
delegatif,5
demokratik,5
nikko,5
semester,5
noan,5
kawasaki,5
smk,5
grover,5
opini,5
going,5
concern,5
collateral,5
antiseptik,5
lifebuoy,5
dettol,5
drahjsanugrahini,4
kiddrock,4
distro,4
cranberries,4
rekomendasi,4
aplikasi,4
kendala,4
wispandonosems,4
pedagogik,4
depot,4
reza,4
retailing,4
merchandise,4
kwanyar,4
mentor,4
sponsor,4
berturutturut,4
iwan,4
coffee,4
respondenteknik,4
respondenuntuk,4
ptpln,4
kecewa,4
terhdap,4
statistical,4
efficacy,4
magnitude,4
generality,4
geger,4
effort,4
minta,4
kertas,4
notebook,4
realibilitas,4
fleksibilitas,4
recovery,4
padu,4
aida,4
desire,4
action,4
deterjen,4
rinso,4
noda,4
domisili,4
klasifikasi,4
new,4
rasiorasio,4
maan,4
ghodaqo,4
siddiq,4
sedap,4
masako,4
komunikator,4
komunikan,4
umpan,4
proporsional,4
tuna,4
hdiya,4
elemenelemen,4
rs,4
u,4
mild,4
flashdisk,4
toshiba,4
pantene,4
hidayat,4
saran,4
pesat,4
buka,4
suka,4
lambat,4
jalin,4
driver,4
syaiful,4
nya,4
liner,4
institusi,4
ruh,4
pajak,4
sems,4
yayasan,4
miftahul,4
jannah,4
break,4
kamar,4
kuala,4
klse,4
philippines,4
pse,4
strait,4
times,4
sti,4
indonesian,4
significance,4
normal,4
branding,4
angkat,4
pertanggungjawaban,4
ruang,4
hukum,4
jatim,4
janji,4
zak,4
biji,4
bobot,4
hargavalue,4
pttrisakti,4
transaksi,4
prosentase,4
leseh,4
berkah,4
ilaahi,4
muas,4
reduksi,4
rumput,4
tangan,4
warna,4
disfungsional,4
sepam,4
sepakbola,4
matriks,4
relatif,4
saronggi,4
products,4
otonomi,4
gagal,4
package,4
science,4
epic,4
pamong,4
praja,4
terjun,4
bodo,4
bulan,4
permata,4
cenderung,4
perijinan,4
early,4
warning,4
underwriting,4
perum,4
hari,4
spmsi,4
formasi,4
wajar,4
porselen,4
kendara,4
kabel,4
hjs,4
spimm,4
pikir,4
delapan,4
berpegaruh,4
merck,4
ganisemsi,4
pelihara,4
direct,4
aktualisasi,4
ciptadent,4
satpam,4
table,4
marina,4
jeruk,4
banyuates,4
agama,4
golong,4
wulandari,4
waskita,4
akr,4
corporindo,4
serpong,4
damai,4
situasi,4
tanggal,4
matahari,4
serius,4
interaksi,4
tretan,4
apple,4
credibility,4
pratista,4
prilaku,4
operating,4
medco,4
interinsco,4
murah,4
perak,4
serikat,4
multikolonearitas,4
offering,4
mekanisme,4
saudara,4
parahyangan,4
bukopin,4
rgatot,4
multikolinearitas,4
heteroskedastisitas,4
halim,4
stadion,4
gelora,4
silmutan,4
long,4
term,4
performa,4
indovision,4
emiten,4
pasuruan,4
bhumikam,4
shamitra,4
batangbatang,4
stratifield,4
ito,4
country,4
turnoverkaryawan,4
bayu,4
sky,4
vision,4
paksa,4
underwriter,4
adro,4
bbca,4
bmri,4
akurasi,4
irr,4
duta,4
profile,4
flow,4
error,4
proxi,4
affect,4
bidikimisi,4
roda,4
serasi,4
ytm,4
kecamtan,4
computer,4
sae,4
thitungsebesar,4
mekar,4
outflow,4
efektivias,4
zavgren,4
controlling,4
fdr,4
logistik,4
asemrowo,4
kondusif,3
aksidental,3
webqual,3
website,3
skor,3
tekan,3
arifin,3
autoritarian,3
laissezfaire,3
pegawaidikantor,3
optik,3
inti,3
perinci,3
idola,3
deviden,3
businees,3
trustworthiness,3
uswatun,3
jaring,3
ana,3
teridiri,3
used,3
result,3
by,3
can,3
hindar,3
kandidat,3
excess,3
hm,3
putra,3
facebook,3
acer,3
aksesibilitas,3
malam,3
crismardani,3
modern,3
statistic,3
kmo,3
item,3
kirim,3
campur,3
decisions,3
uni,3
intrapersonal,3
farid,3
shampo,3
khusus,3
fely,3
pulang,3
kandung,3
pokok,3
tarif,3
vip,3
prima,3
samasama,3
kontrak,3
merkkonsumen,3
simpang,3
balik,3
time,3
deviasi,3
intern,3
one,3
ie,3
coba,3
tamirul,3
bedasarkan,3
objekobjek,3
tenggara,3
directory,3
laili,3
delisting,3
tstatistik,3
drsecmakhmud,3
tunai,3
kecil,3
indera,3
hasanah,3
domian,3
kegiatankegiatan,3
bp,3
ulfa,3
unilever,3
klbf,3
eoq,3
mesan,3
pasir,3
bata,3
putih,3
rit,3
pintar,3
lekat,3
rekening,3
drsecmsi,3
kualitaskinerja,3
arti,3
wakil,3
pnm,3
fund,3
danareksa,3
buruk,3
edar,3
tian,3
sari,3
madinah,3
contractor,3
supplier,3
handjaya,3
menteri,3
circle,3
apsari,3
pendek,3
psikis,3
calon,3
karyawannya,3
simutan,3
rambut,3
suara,3
klub,3
interview,3
riil,3
klampar,3
physical,3
evidence,3
mobil,3
iii,3
multiniaga,3
azeze,3
mediatel,3
integrasi,3
individual,3
stasiun,3
drh,3
keyword,3
sendang,3
sumbu,3
cerelia,3
aksesoris,3
dispendaloka,3
patuh,3
agam,3
obyektifitas,3
pegantenan,3
keramik,3
kaca,3
promotional,3
advertising,3
aditya,3
akuisitor,3
features,3
conformance,3
durability,3
finish,3
drsecbambang,3
daryavaria,3
laboratoria,3
tempo,3
scan,3
pacific,3
pyridam,3
scheringplough,3
wilcoxon,3
interprestasi,3
tama,3
raharja,3
disproportionate,3
fisiologis,3
penilitian,3
lux,3
candi,3
maxi,3
hatimah,3
ancam,3
ringan,3
tindak,3
ttable,3
jl,3
daler,3
abstrak,3
iring,3
summarecon,3
irna,3
harindra,3
biografis,3
tritunggal,3
kendangsari,3
pal,3
senantiasa,3
abdul,3
gempol,3
pendowo,3
ahmad,3
tanjungbumi,3
smkn,3
tantang,3
lulus,3
petrocentral,3
tata,3
stsemmt,3
arif,3
racing,3
presentase,3
implikasi,3
abdullah,3
ganise,3
tikung,3
drmuhammad,3
sholihah,3
adjust,3
sektoral,3
kineja,3
rank,3
sobel,3
heteroskedastisitasregresi,3
equityroe,3
initial,3
age,3
banten,3
predikat,3
seringkali,3
pulau,3
kalang,3
muda,3
devisa,3
autokorelasi,3
efesien,3
mesinmesin,3
forklip,3
purpose,3
india,3
investa,3
atraktif,3
explanatori,3
diproksikan,3
suryawinata,3
plastik,3
herding,3
reliabelity,3
pihakpihak,3
padelegan,3
kandatel,3
anal,3
songgoriti,3
genteng,3
karangpenang,3
origin,3
asing,3
fishbein,3
kc,3
dominanpenelitian,3
referensi,3
ritma,3
alamien,3
prenduan,3
lyly,3
podomoro,3
land,3
akra,3
asi,3
resources,3
scorecard,3
guano,3
blacklitterman,3
wijaya,3
fcfe,3
bbni,3
agency,3
employees,3
using,3
ismaildra,3
yan,3
pulp,3
kinerjakaryawan,3
gcg,3
boma,3
bisma,3
club,3
mci,3
hospitality,3
sabar,3
malang,3
reliablitas,3
kbs,3
cognitive,3
experiental,3
atmosfir,3
heterokedastisitas,3
sembada,3
triliun,3
duko,3
larang,3
ekspor,3
smp,3
raas,3
belva,3
hi,3
ole,3
olang,3
resto,3
yakult,3
loyality,3
kedaton,3
rohmi,3
otoritas,3
visibility,3
ln,3
stratifiedcluster,3
leading,3
coincident,3
kapital,3
takmir,3
slope,3
profitability,3
labuh,3
deteksi,3
formula,3
hagen,3
tenun,3
kebutuhankebutuhan,2
lukis,2
diagram,2
kartesius,2
ki,2
haryono,2
dianalisa,2
dharma,2
lai,2
barokah,2
prambon,2
credit,2
dokumen,2
reduction,2
kapuas,2
optimalisasi,2
sumur,2
pejagan,2
respect,2
similarity,2
ali,2
man,2
foster,2
cdm,2
yakin,2
profesi,2
biasa,2
seharihari,2
praktek,2
katakunci,2
liquid,2
solution,2
investmen,2
mawapres,2
sholeh,2
know,2
ofis,2
bigger,2
eat,2
soto,2
glorious,2
asih,2
quantitative,2
while,2
from,2
tva,2
cutoffpoint,2
adaro,2
energy,2
kotler,2
servisecape,2
enam,2
tampil,2
celaka,2
konfirmatori,2
variebel,2
v,2
statis,2
mineral,2
novianti,2
kesan,2
hati,2
prajoto,2
vareabel,2
determinan,2
kamalia,2
mutiara,2
irawan,2
mini,2
strategis,2
bahwasannya,2
tiaptiap,2
activitybased,2
costing,2
abcs,2
cermat,2
abc,2
kelas,2
menejerial,2
cvyudhistira,2
cvwest,2
clustered,2
starfood,2
paciran,2
akirom,2
tempuh,2
sapta,2
pusaka,2
spgn,2
overreaction,2
aar,2
cumulative,2
syarifah,2
ambami,2
rato,2
ebu,2
arianto,2
kombinasi,2
trada,2
maritime,2
capa,2
wahyuni,2
apj,2
septy,2
terdafatar,2
cermin,2
harmonis,2
hangat,2
sejarah,2
nuansa,2
habis,2
mall,2
dillakukan,2
safetytingkat,2
ramal,2
series,2
least,2
cvp,2
proyeksi,2
juli,2
criteria,2
anggur,2
rahmawati,2
yag,2
kai,2
member,2
dll,2
februari,2
imajinasi,2
eksistensi,2
surat,2
dian,2
ratnasari,2
bca,2
kemudi,2
kreteria,2
sutera,2
realty,2
asri,2
smgr,2
lippo,2
karawaci,2
reorder,2
bandung,2
nama,2
november,2
dahulu,2
dilatarbelakangi,2
bondingikatan,2
empathyempati,2
reciprocitytimbal,2
trustkepercayaan,2
fitri,2
anna,2
bojonegoroputera,2
koran,2
pedoman,2
tambrinmm,2
chrismardanissimm,2
hipotesa,2
aji,2
pratiwi,2
kosmetik,2
wardah,2
muhamad,2
sosail,2
mahasiswi,2
made,2
ardi,2
singkat,2
kandang,2
hambat,2
ujung,2
cahaya,2
musik,2
udara,2
konservasi,2
adlah,2
hibur,2
nonfisik,2
mengggunakan,2
ketidakjelasan,2
harus,2
manajer,2
republik,2
bhinneka,2
cow,2
qurban,2
yogi,2
place,2
people,2
process,2
suzuki,2
ertiga,2
ptkaber,2
wispandonose,2
inisiatif,2
kemuning,2
pkpri,2
persuasi,2
terhadapkeputusan,2
pariwisata,2
victoria,2
ocbc,2
nisp,2
agroniaga,2
koesioner,2
boston,2
jangkau,2
outlet,2
ews,2
prestai,2
ari,2
sahamsaham,2
senin,2
selasa,2
rabu,2
kamis,2
jumat,2
alfian,2
keja,2
erat,2
asa,2
penelitia,2
alas,2
pruduktifitas,2
stationary,2
responsive,2
tangiblebuktifisik,2
reliabilitykehandalan,2
responsivenessdayatanggap,2
assurancejaminan,2
emphatyempati,2
cakup,2
trunojoya,2
alis,2
mengikutsertakan,2
objektifitas,2
even,2
sisi,2
standard,2
standarstandar,2
signifakan,2
interisco,2
anlisis,2
dependent,2
rukmana,2
operasipendapatan,2
gross,2
haryati,2
determinansi,2
aesthetics,2
nurhayati,2
kerjadan,2
poshang,2
solusi,2
angsur,2
waspada,2
indofarma,2
hjevaliati,2
amaniyahsemsm,2
proksi,2
signed,2
kes,2
drsech,2
maksimum,2
terus,2
respek,2
jayanti,2
orangorang,2
verbal,2
hadir,2
halhal,2
dosenpembimbing,2
silmultan,2
safrizalst,2
adala,2
hakim,2
pukesmas,2
sgnifikan,2
grafis,2
maulina,2
hotim,2
absensi,2
pelaksanaanya,2
bangkalanuntuk,2
bangkalaserta,2
nun,2
buah,2
agresif,2
cadang,2
simulitan,2
faridatul,2
komariah,2
wenang,2
prakarsa,2
sudut,2
informan,2
displin,2
bangkalandibawah,2
drsecmudji,2
sematamata,2
rudal,2
rintis,2
fauzan,2
agustus,2
charoen,2
pokphand,2
mediacom,2
tambangraya,2
megah,2
cbp,2
axiata,2
ratna,2
bedah,2
rsud,2
soetomo,2
instalasi,2
saadah,2
birokrasi,2
sunan,2
ibm,2
yg,2
putraputri,2
fariz,2
kadur,2
keputusanpembelian,2
keckamal,2
mengguanakan,2
standardized,2
rizka,2
absah,2
ramadhan,2
mahmud,2
hairul,2
berengaruh,2
rohman,2
anisa,2
mufat,2
thirotul,2
liliyah,2
expense,2
income,2
kesehatanya,2
kruskall,2
wallish,2
transformasi,2
treatment,2
brpt,2
suli,2
swadaya,2
overvalued,2
mahal,2
maratus,2
konsentrasi,2
taker,2
neutral,2
kartini,2
sedangakan,2
firda,2
darmawan,2
retained,2
gray,2
signifkan,2
solvabel,2
jasuindo,2
perkasa,2
warga,2
himawan,2
nugrohospimm,2
treynordan,2
kepurtusan,2
yulia,2
diah,2
goods,2
lagged,2
evaliyati,2
amaniyahse,2
ungkap,2
jln,2
tingat,2
building,2
construction,2
pucipta,2
safrizalstsemmt,2
disposition,2
giring,2
disposisi,2
informatika,2
ptindovision,2
reliabelityresponsiveness,2
susanti,2
it,2
perempuan,2
berecana,2
novell,2
pharmaceutical,2
laboratories,2
drhj,2
akbar,2
badak,2
memliki,2
daari,2
novi,2
polsek,2
terhadapa,2
dara,2
setiawan,2
blumbungan,2
dialog,2
judgement,2
interveningpenelitian,2
hasill,2
tingkatsignifikan,2
panas,2
pelangganpenelitian,2
gap,2
ros,2
multiatribut,2
beliefe,2
wingko,2
modernisasi,2
mnc,2
ptmnc,2
karywan,2
absen,2
abai,2
pekerjaanya,2
ganggu,2
produkx,2
citrta,2
tediri,2
perdana,2
perusahaandengan,2
yusuf,2
dah,2
tabulasi,2
jsmr,2
scma,2
ach,2
terbuktiditerima,2
hrsc,2
indocement,2
lar,2
valu,2
itmg,2
absolute,2
percentage,2
keungan,2
kepemilian,2
mown,2
pegaruh,2
inswn,2
novita,2
mediating,2
results,2
directly,2
indirect,2
jtv,2
puji,2
otakotak,2
bandeng,2
widya,2
adquacy,2
gajah,2
runtun,2
dipublikasihkan,2
perawatberpengaruh,2
acidental,2
gawih,2
determnasi,2
katagori,2
damayanti,2
destinasi,2
burn,2
utuk,2
sepulu,2
telkomsel,2
center,2
sangkut,2
petrokimia,2
efendi,2
ri,2
eri,2
komparatif,2
sd,2
launching,2
rating,2
count,2
siginifikan,2
multikolinieritas,2
pp,2
uniliever,2
adhi,2
pakuwon,2
sumarecon,2
erp,2
miliar,2
batang,2
pemkab,2
analsis,2
layar,2
sayusan,2
bahari,2
agen,2
outdoor,2
preposisi,2
efe,2
evaluation,2
ife,2
danarta,2
sooko,2
ttabelsebesar,2
kewirausahaan,2
signifikanterhadapkeputusan,2
sehatdua,2
identity,2
personality,2
attitude,2
benefit,2
logit,2
keofisien,2
rincian,2
intermediasi,2
cukup,2
organik,2
manunggal,2
attraction,2
power,2
komunitas,2
regional,2
personnel,2
bkd,2
influenced,2
datang,2
turis,2
impor,2
retail,2
vector,2
auto,2
minim,2
nagelkerke,2
umum,2
donald,2
trump,2
presiden,2
amerika,2
wedani,2
tambak,2
satiyah,1
auliasstsemmt,1
pengembnagan,1
observasional,1
analitik,1
probality,1
instruktur,1
field,1
pengolaha,1
cranberriess,1
apresisasikan,1
presepsi,1
implementasi,1
trunjoyo,1
kuantitaif,1
faktual,1
mahasiswasampelpenelitianiniadalahmahasiswaangkatan,1
ikp,1
jelasdetail,1
ter,1
update,1
krs,1
khs,1
transkrip,1
kip,1
kepemimpinanx,1
pns,1
aththaariq,1
drrm,1
sertifikasi,1
judgmental,1
kepribadiandan,1
dealler,1
abidin,1
syahkesimpulan,1
anova,1
autoritariansecara,1
laissezfairesecara,1
dikatagorikan,1
fenomenologi,1
conclusion,1
drawing,1
verification,1
omzet,1
periodik,1
retailimg,1
praktekpaktek,1
sumbr,1
respondenuji,1
orgnisasional,1
kerjakaryawan,1
fals,1
menngunakan,1
erangkat,1
minet,1
miant,1
rahbini,1
andal,1
jasaindah,1
evans,1
bangkalannamun,1
bangakalanvariabel,1
meniliti,1
abtrak,1
khasanah,1
presatasi,1
diatribusi,1
semanagt,1
lahir,1
peria,1
prihatin,1
etnografis,1
sosialisasi,1
modus,1
operandi,1
sociology,1
teory,1
adnya,1
agustini,1
melakuukan,1
akuisisimelakukan,1
alih,1
assetperusahaan,1
sharekelima,1
pairedsamples,1
bangkalansecara,1
xterhadap,1
also,1
whichsuch,1
having,1
ppengaruh,1
use,1
approach,1
population,1
entireall,1
doingconducting,1
hence,1
get,1
responder,1
collecting,1
into,1
library,1
mention,1
tied,1
prove,1
consisting,1
or,1
together,1
be,1
concluded,1
both,1
which,1
have,1
tandatanda,1
kisar,1
penetuan,1
gera,1
surabayadibimbing,1
surabayametode,1
mebagikan,1
rasional,1
returns,1
erb,1
ci,1
otopart,1
bintang,1
agro,1
goodyear,1
indika,1
tractors,1
tjiwi,1
benarbenar,1
rekrutmenpengembangan,1
hening,1
ary,1
pemimbing,1
vairabel,1
habibah,1
hamper,1
armstrong,1
mempunyah,1
serviscape,1
lampu,1
nyala,1
rapi,1
mulus,1
patroli,1
sungguhsungguh,1
mogokban,1
bocordll,1
ulfiyatun,1
mutohharoh,1
mahasiwa,1
journal,1
economics,1
perlahanlahan,1
geser,1
praktis,1
rilis,1
detikcom,1
menetukan,1
interdependent,1
miserablenilai,1
kecukuperatan,1
liniear,1
kusniyah,1
muzanni,1
tertahadap,1
otomatis,1
kriterian,1
ike,1
miranti,1
kurriwatispmsi,1
menitikberatkan,1
purprosive,1
maret,1
memakaiuji,1
anissa,1
robatal,1
kian,1
kominkator,1
sigifikan,1
kosumen,1
ditribusi,1
assocations,1
loyalty,1
madurateknik,1
maduravariabel,1
aduk,1
lembur,1
characteristics,1
usage,1
users,1
consumers,1
menggunaka,1
systematic,1
debit,1
britama,1
steel,1
tinggal,1
user,1
kurniawati,1
retun,1
memilki,1
kuncikecerdasan,1
subyekti,1
softwere,1
simultas,1
sembah,1
taufik,1
berdomisiliwarga,1
massita,1
sinifikan,1
sulaiman,1
profitabilitasdibawah,1
bagaiman,1
langkahlangkah,1
mnghitung,1
inventesmen,1
sentra,1
mutira,1
guji,1
varabel,1
berdasrkan,1
hendra,1
kuswinanrno,1
survai,1
quota,1
bauaran,1
hargapromosi,1
kacamatan,1
moderat,1
diteiliti,1
suhardianto,1
eksplanatif,1
systemabcsuntuk,1
distorsi,1
kalkulasi,1
telusur,1
biayabiaya,1
deskriftif,1
overhead,1
rinci,1
kepamilikan,1
key,1
words,1
porporsional,1
kefektifan,1
kuisoner,1
secaa,1
marianal,1
kuswinarmo,1
kompetisi,1
xxe,1
popuasi,1
lutfi,1
penggunasecara,1
muazzah,1
dosem,1
decade,1
day,1
week,1
overreactio,1
mengatahui,1
jelang,1
lebaran,1
deduktif,1
faktafakta,1
teoriteori,1
abnormar,1
menggungguli,1
pentingperusahaan,1
lingkungannyadalam,1
adalahu,1
ntuk,1
ujivaliditasuji,1
asum,1
siklasik,1
penjelasany,1
hadiatullah,1
interpretasi,1
earned,1
fixed,1
lukman,1
waqi,1
mahkmud,1
pasti,1
hendak,1
sekuritas,1
potofolio,1
pleh,1
puncak,1
moment,1
cronbach,1
tail,1
yusri,1
evarika,1
nrp,1
lombangpenelitian,1
sel,1
lokal,1
refti,1
selvi,1
kpp,1
danbudaya,1
kantorpln,1
rancang,1
ariyati,1
purposif,1
bsm,1
sangsi,1
pahlawan,1
perang,1
merdeka,1
bioskop,1
wisma,1
bergandaperiode,1
oktober,1
lumpur,1
peneletian,1
gerbang,1
kertasusila,1
univesitas,1
kepercyaan,1
cab,1
hana,1
sunarsih,1
shareinflasi,1
tonjol,1
niloai,1
dang,1
peruasahaan,1
gerbong,1
andrian,1
agaf,1
pilar,1
pria,1
anugrahiniirawatimm,1
padat,1
sita,1
koofisien,1
pelatihanpelatihan,1
outbond,1
berdeda,1
rewardreward,1
zainab,1
turnoverdebt,1
lailia,1
ningsih,1
paru,1
pemendagri,1
pergub,1
penggunaaan,1
boros,1
eliminasi,1
miftah,1
kompetitorkompetitor,1
bimbinga,1
meyebutkan,1
menghasilka,1
yuliana,1
cutoff,1
propindo,1
wira,1
proyek,1
carson,1
regency,1
order,1
quantity,1
kam,1
hemat,1
collection,1
periods,1
aktivatms,1
ta,1
indli,1
roudlotul,1
pintarpintar,1
berpengraruh,1
nikmatul,1
hoiriyah,1
tempatdistribusi,1
asizah,1
reliabiltas,1
pambudise,1
adalahdiskriptif,1
treynordanjensenobjekpenelitianpadapenelitianiniadalah,1
aaaamanahsyariah,1
dandanareksasyariahberimbang,1
menggunakana,1
aaa,1
amanah,1
dekriptif,1
sbi,1
sulaihah,1
amiruddin,1
hendry,1
maruf,1
bangakalan,1
pemebelianj,1
poduk,1
strategistrategi,1
unsurunsur,1
meningkatkanmemuaskan,1
wwwrumahmadanicom,1
chatting,1
abthal,1
asyraf,1
agatha,1
adetya,1
id,1
xe,1
konsuman,1
kara,1
nanda,1
balas,1
adil,1
jasajasanya,1
rangsang,1
putera,1
kompesasi,1
setyo,1
egy,1
afrian,1
rizki,1
alamat,1
bentu,1
neraca,1
menunujukkan,1
sumirah,1
rase,1
penjulannya,1
tambrinmmdan,1
faiqotul,1
muna,1
linieritas,1
mita,1
anggun,1
penelitin,1
febrianto,1
rizal,1
simpel,1
dharmawan,1
marketix,1
hardik,1
keputsan,1
surabayajumlah,1
ah,1
faqih,1
qoriwildani,1
ratus,1
persen,1
tele,1
maksud,1
analisisa,1
urai,1
bibit,1
bluto,1
instansiinstansi,1
jemur,1
reny,1
nurhalimah,1
kaya,1
sensitivitas,1
samsuki,1
lanjut,1
kaki,1
alatalat,1
kuntitatif,1
adiluhing,1
pertamina,1
tbbm,1
sampangmadura,1
nilam,1
hemastuti,1
pantau,1
pmu,1
tanding,1
olahraga,1
padatdi,1
coefisien,1
balian,1
harismatullah,1
anugerahini,1
perangkap,1
pretasi,1
maharani,1
bidik,1
aisiyah,1
arifatin,1
sapi,1
perah,1
diferensiasi,1
unik,1
haji,1
grantiyono,1
pagar,1
batu,1
pagarbatu,1
wali,1
murid,1
segmen,1
mpv,1
indpenden,1
paradigma,1
undangundang,1
rencanarencana,1
sasaransasaran,1
rkpd,1
relevan,1
eselon,1
kausalitas,1
kholis,1
anwarul,1
wahyudi,1
kaber,1
karyawandari,1
abd,1
hakam,1
pradityo,1
kusumajani,1
musthofa,1
wantaradrsmm,1
dansuyonose,1
ka,1
koefisen,1
tiketkepuasan,1
komunikas,1
arau,1
anik,1
arismah,1
pengaruhcitra,1
produku,1
aprilia,1
kawasan,1
bodopasuruandibawah,1
wiwik,1
sriwahyuni,1
ghani,1
berdasarkasn,1
hs,1
bnp,1
icb,1
boi,1
artha,1
saw,1
mayapada,1
bachrowi,1
cisarua,1
mountain,1
dairy,1
cisaruabogor,1
masayarakat,1
terdiridari,1
ika,1
setiana,1
bdan,1
consulting,1
kuliner,1
consuling,1
vertikal,1
question,1
mark,1
lapuk,1
erti,1
stars,1
arena,1
main,1
anakanak,1
integration,1
franchise,1
bekerjasama,1
soda,1
cows,1
delivery,1
armada,1
yulfian,1
yonif,1
vendy,1
bkph,1
jatirejo,1
squarese,1
pengrahan,1
risqiyatul,1
maqfiroh,1
seraca,1
perasaaan,1
wafa,1
kombangan,1
tangibles,1
ernawati,1
ujif,1
alf,1
robin,1
swalayanswalayan,1
cross,1
sectional,1
semua,1
fachrezi,1
toserba,1
kuning,1
muji,1
kebijakankebijakan,1
intentions,1
anwari,1
wicaksono,1
pengrajn,1
penggajianupah,1
gilang,1
khasogi,1
wildanse,1
cvcerelia,1
muttaqin,1
taat,1
yulita,1
ramayana,1
xberpengaruh,1
dikonsumnsi,1
ide,1
fiturfitur,1
nseries,1
multimedia,1
eseries,1
senjata,1
perlu,1
henti,1
atrbut,1
manakan,1
fausah,1
kujung,1
so,1
sebesarbesarnya,1
gelar,1
eventevent,1
akomodasi,1
kedaikedai,1
souvenir,1
pengelolahan,1
galih,1
skpd,1
industriadapun,1
sumeneppenelitian,1
yuntuk,1
variabeldilakukan,1
analisiskualitatif,1
asumsiklasik,1
regersi,1
bahwasecara,1
stimultan,1
kriteriakriteria,1
imam,1
humaini,1
directori,1
dewasa,1
lantai,1
rentan,1
kaitanya,1
untik,1
idx,1
bi,1
nasirudin,1
xmenpunyai,1
xmempunyai,1
wilauddin,1
profabilitas,1
yields,1
fluktuasi,1
ainul,1
yaqin,1
prabayar,1
reliabiliitas,1
univeristas,1
mahat,1
mafirya,1
bakti,1
maduraskripsi,1
bangkalandi,1
drahj,1
sst,1
mt,1
bangkalanmengambil,1
karyawanjenis,1
karyawanselanjutnya,1
bangkalanhasil,1
rsebesar,1
berhatihati,1
hilang,1
inforemasi,1
euangan,1
estese,1
contruction,1
pasial,1
ecchairul,1
ekonomis,1
fadilah,1
faizati,1
nalawiyah,1
purposiv,1
sharereturn,1
invesmentharga,1
fortune,1
fms,1
setiowati,1
acces,1
istighosah,1
raih,1
ratioloan,1
deposito,1
cimb,1
margindannet,1
purwati,1
roereturn,1
crcurrent,1
fitria,1
sonia,1
stabil,1
sampiling,1
easthetics,1
ne,1
gara,1
sberpengaruh,1
finda,1
mardianawati,1
sewa,1
ella,1
liatul,1
maufiroh,1
metodenaltman,1
smijewski,1
terdafatr,1
tbkpt,1
ida,1
rohyani,1
samplingdari,1
set,1
ios,1
mvebve,1
mann,1
whitney,1
deposan,1
lina,1
indrawati,1
indonesa,1
ptenergi,1
persadatbk,1
analisia,1
altmanzscore,1
mangement,1
aku,1
organisai,1
siyami,1
safitri,1
padan,1
mariyam,1
prasteyo,1
klasi,1
ajeng,1
peristiwaperistiwa,1
aktivitasaktivitas,1
akrab,1
fitriya,1
terkinik,1
marti,1
ekowatianalisis,1
kabupatan,1
lamonganskripsi,1
idr,1
transakasi,1
purposivesampling,1
reni,1
menjadiibu,1
wanitayang,1
karenaingin,1
asah,1
milikidalam,1
karyawati,1
karyawatinya,1
meni,1
atautidak,1
dalamkeluarga,1
madurapopulasi,1
bergandadari,1
hudan,1
dardiri,1
septiawan,1
pomede,1
distibusi,1
imroatus,1
soleha,1
semmt,1
adap,1
posotif,1
luqmanul,1
assohidi,1
lailatul,1
qodriyah,1
ismaildramm,1
bangkalani,1
konstanta,1
kuncisikapmotivasikinerja,1
supriadi,1
anaisis,1
tdak,1
kausal,1
pengolahanya,1
alisyahbana,1
wisapandono,1
ketidaktepatan,1
uppkh,1
lely,1
nurvillah,1
atika,1
citrawaty,1
yenni,1
indriani,1
propfitabilitas,1
opoortunity,1
profitabilitasgrowth,1
liquita,1
purnamasari,1
maxii,1
kpeutusan,1
gnakan,1
kepemipinan,1
tranforsional,1
ptmarina,1
stimulant,1
karismatik,1
mohtaufik,1
drhpribanus,1
drsmm,1
formulasi,1
yuliani,1
fanti,1
ariska,1
inerja,1
karyawanpada,1
uumnya,1
efesiensi,1
ercapai,1
andy,1
saputro,1
mengetauhi,1
riko,1
fitrianto,1
alberrina,1
febrianti,1
lamonongan,1
pambudisemm,1
awal,1
tindakantindakan,1
zulfi,1
djamil,1
menundanunda,1
sepenuh,1
daeler,1
terhada,1
pegalaman,1
masruroh,1
zebra,1
zbra,1
humpuss,1
intermoda,1
hits,1
tram,1
rahman,1
sadarusman,1
perserotbk,1
khalifah,1
serahi,1
karyawanmengetahui,1
reliabel,1
valid,1
taerhadap,1
organizatioanal,1
mempuyai,1
henia,1
desi,1
arisanti,1
pr,1
faidalsemm,1
legalitas,1
prrudal,1
irwan,1
sugiantoro,1
mengoptimalakan,1
tingakat,1
aguustus,1
hmakhmud,1
motode,1
menimimumkan,1
agustin,1
informaasi,1
idayatul,1
wildam,1
ati,1
munfaati,1
aktifitasnya,1
tinggitujuan,1
syafrina,1
prahmana,1
tara,1
strategik,1
responsivitas,1
rule,1
law,1
upt,1
trnsparansi,1
cendana,1
suksess,1
hidayah,1
hal,1
guruvariabel,1
fatimatuz,1
zehroh,1
muflihatul,1
azizah,1
caplital,1
vivi,1
qurrata,1
ayyun,1
gua,1
satistik,1
achiyat,1
munir,1
faisol,1
rozi,1
ridwan,1
rifai,1
ikal,1
untukmengetahui,1
menggunakanaccidental,1
ujivaliditas,1
datayaitu,1
smartfrenberartihipotesis,1
dapatdikatakan,1
kama,1
penelitiian,1
minnum,1
responde,1
purpoosive,1
dengn,1
coefficients,1
tika,1
wwwsahamokcom,1
wwwidxcoid,1
wwwyahoofinancecom,1
date,1
tutup,1
tedapatnya,1
afriani,1
hmalkirom,1
romli,1
kecerdasn,1
bangklan,1
integral,1
departement,1
explanatory,1
aziz,1
induktif,1
dalil,1
peniliti,1
triangulasi,1
jodoh,1
kaku,1
beliau,1
masyakat,1
buhori,1
tambrindosen,1
delap,1
yunus,1
endang,1
hariyani,1
drmohammad,1
corporation,1
finlandia,1
protokol,1
gsm,1
cdma,1
wcdma,1
umts,1
zte,1
cina,1
eksplorator,1
penasaran,1
sorang,1
tuntun,1
kadang,1
tentang,1
jarang,1
kontra,1
hasilhasil,1
samping,1
berdapak,1
eric,1
meygawan,1
aidul,1
karyawa,1
rhosal,1
yudianto,1
selamet,1
puskesmaskamal,1
kkamal,1
gandakecerdasan,1
paramidis,1
alghazali,1
kohler,1
kurriawati,1
kredibilitascredibility,1
dietahui,1
tebukti,1
priyadi,1
carnplldrnim,1
sulung,1
hidayatur,1
fatah,1
fauzul,1
salam,1
much,1
khoirur,1
roziqin,1
segenap,1
afandi,1
pacu,1
periklananpromosi,1
maximal,1
prasetiyo,1
metic,1
laris,1
susul,1
kalah,1
umtuk,1
zaini,1
kompleks,1
external,1
tentusaja,1
teoritis,1
masud,1
addaroyni,1
interpesonal,1
gresike,1
hermawati,1
ptladang,1
alisul,1
musarofah,1
ismawati,1
bankbank,1
signfikan,1
alfiyatus,1
shofa,1
walmarwaanalisis,1
ihss,1
infrastruktur,1
manufakturperhitungan,1
konsisten,1
bksl,1
cnko,1
ikai,1
jprs,1
cnkofpniikaijprs,1
bkslbrptcnkoikaijprspyfasuli,1
tirt,1
ikaiinpcjprs,1
tirtsaham,1
diterimasedangkan,1
kinsistensi,1
ketidakbedaan,1
sekunderdata,1
pranata,1
yahoo,1
siginfikan,1
bahruddin,1
menujukkan,1
kemyaoran,1
nol,1
diponegoro,1
prinsipprinsip,1
nilainilai,1
tuang,1
teladan,1
juliana,1
rizky,1
sdmterhadap,1
luqman,1
umi,1
kulsum,1
surabayadibawah,1
reparasi,1
pabean,1
cantian,1
erika,1
elva,1
mardiana,1
mimin,1
aspirasidan,1
utari,1
loyal,1
univeritas,1
haris,1
dhuha,1
priambodo,1
determinasihasil,1
romlah,1
drecmakhmud,1
initialmpublic,1
assetroa,1
mahaisiwa,1
kurriwatisp,1
berjumalah,1
pengambillan,1
reabilitassedangkan,1
sedaapberdasarkan,1
meknisme,1
antaralain,1
uii,1
ainur,1
intrumen,1
moderated,1
mra,1
nita,1
yumiarsih,1
renita,1
arum,1
krisvianika,1
sofia,1
wardani,1
aversedidapatkan,1
woori,1
mestika,1
amaliah,1
garmant,1
drsbambang,1
ebit,1
saksitha,1
ramai,1
sembilan,1
minimum,1
munawarah,1
drdrs,1
mengunjugi,1
actdan,1
terkatnya,1
sholikhah,1
ptcitra,1
dandrs,1
astri,1
drsecmkes,1
politik,1
magfirah,1
kontinum,1
dokumendokumen,1
nplterhadap,1
objekpenelitianiniadalah,1
denganmenggunakanlaporankeuanganpublikasiperiode,1
kuadrat,1
predikisi,1
aru,1
ratioldr,1
cahyadi,1
sendiril,1
dony,1
membandingankan,1
roduk,1
opulasi,1
psikolgi,1
angga,1
luziana,1
prantjoto,1
abdurrochman,1
bidask,1
spread,1
juwita,1
kusuma,1
wati,1
sulvia,1
sharpetreynor,1
schroder,1
plus,1
manulife,1
jensenpeneliti,1
berikutpada,1
sharpereksa,1
treynorreksa,1
jensenreksa,1
eni,1
siswati,1
winda,1
aningtyas,1
fadjriya,1
rosa,1
nesscafe,1
mps,1
aqnes,1
sakti,1
hamidah,1
purnamawatisemsi,1
mafazatun,1
ria,1
fihendri,1
pemodasi,1
pfofitabilitas,1
pemoderasi,1
veteran,1
paersial,1
didiuga,1
rizza,1
ariyandi,1
beprestasi,1
rangkap,1
makmmur,1
prospect,1
effectall,1
zainuddin,1
sutau,1
generasi,1
indovison,1
kediriapakah,1
kedirihasil,1
akhmad,1
syafiudin,1
azhar,1
nikmatun,1
nisa,1
tstudi,1
samplingsebanyak,1
anni,1
misbahus,1
solehah,1
brsa,1
ltd,1
rentabilitasroe,1
rentabilas,1
evi,1
sofiatul,1
yarol,1
insa,1
kabupten,1
ftable,1
iqbal,1
zidni,1
drrmmochammad,1
kepeimpinan,1
hafiludin,1
gadingrejo,1
marie,1
fathan,1
gumul,1
siswandi,1
tertib,1
tega,1
ayom,1
komando,1
tepat,1
soekarno,1
hatta,1
bangkalanberdasarkan,1
mafrudhatul,1
fitriyah,1
pamekasansampang,1
khoirul,1
fhasil,1
msidan,1
baggian,1
lamonganpenelitian,1
kuesionerpopulasi,1
menggunakanpropotional,1
koefisiien,1
siginifikansi,1
rofii,1
ketelibatan,1
dengtan,1
bahtiar,1
fajar,1
hayati,1
jenisjenis,1
populasinnya,1
islamiyah,1
ain,1
onevillage,1
ovop,1
karyawancv,1
ara,1
slamet,1
martodirdjo,1
interveningberdasarkan,1
nilaithitungsebesar,1
thitunguntukvariabelmotivasipegawaisebesar,1
ftabeldantingkatsignifikan,1
hditerimadan,1
hditolak,1
aris,1
rasyidityo,1
munirhad,1
suryo,1
adhim,1
yudi,1
dimensibukti,1
selanjutnyadata,1
denganmenggunakan,1
dimensikehandalan,1
ketidakpuasan,1
servqual,1
abu,1
ddilakukan,1
kinerj,1
fauzi,1
effendi,1
coo,1
keanekaragaman,1
ideal,1
originterhadap,1
pengambilanl,1
utami,1
hendy,1
prasetia,1
dinata,1
produsksi,1
prduksi,1
karyaw,1
tronojoyo,1
aminatuz,1
zulia,1
bejumlah,1
atributatribut,1
netral,1
harapankeinginan,1
urut,1
tinggidominan,1
kecbabat,1
yamh,1
besardominan,1
ritel,1
danturnover,1
seruruh,1
fhitungftabel,1
tinggivariabel,1
tngkat,1
terhaap,1
kcp,1
kuantutatif,1
wisnu,1
ibnu,1
absussalam,1
reliabelitas,1
abalisis,1
ningrat,1
bnk,1
peniliaian,1
kunciloyalitas,1
pembelianstudy,1
latif,1
alm,1
merkyang,1
dominanuntuk,1
respondensugiono,1
tidakmempunyai,1
hnilai,1
huntuk,1
pembuatx,1
pemakaix,1
pembeliany,1
hasanul,1
mustakim,1
organisasidan,1
bimbinganhelmibuyungauliasstmmtdanfaidalsemm,1
gairah,1
tugasnyasebalik,1
kondusifseperti,1
sehatiri,1
hatihubungan,1
kompakantara,1
miningkatkan,1
organisasiyang,1
relative,1
karekteristik,1
ringanapa,1
samad,1
regresipengaruh,1
dibuktikanpada,1
kinirja,1
karyawansehingga,1
kinerjabegitu,1
alayki,1
uswatul,1
ulya,1
indonesiapadatahun,1
overpricingpada,1
perusahaanunderpricing,1
variabelreputasi,1
prospektus,1
financeuntuk,1
dawam,1
faza,1
afrizal,1
asdp,1
ferry,1
koefsisen,1
poisitif,1
cake,1
pastry,1
donuts,1
head,1
office,1
drajat,1
insudtri,1
liliek,1
chusnaeni,1
ijin,1
pirt,1
kesah,1
ku,1
bingung,1
benak,1
sumarwan,1
ilmiah,1
sugiyono,1
rw,1
aqida,1
erlina,1
asetturnovernet,1
averse,1
syaifullah,1
hak,1
mengetahuibagaimana,1
kacapada,1
tekhnikpengambilan,1
debton,1
dersebesar,1
hairus,1
zaman,1
simulta,1
generalibiitas,1
relevansi,1
praktikal,1
staf,1
bauk,1
kendati,1
objektif,1
patok,1
skp,1
idle,1
pasu,1
pasif,1
rom,1
kittiyeh,1
pelatihanperbaikan,1
faridah,1
bl,1
ulama,1
komariyah,1
nabilla,1
pranjotosemm,1
unversitas,1
type,1
rejeki,1
lelly,1
martha,1
listiyah,1
milika,1
hasiluji,1
mahardika,1
arih,1
minunman,1
assesment,1
amalia,1
penelitain,1
meggunakan,1
husnol,1
chotimah,1
mae,1
mse,1
mape,1
mpe,1
sulistiyo,1
rini,1
casr,1
barep,1
sofyan,1
affandy,1
investigasi,1
mesti,1
bagianbagian,1
elfira,1
oktaviana,1
diproksi,1
positf,1
andika,1
linda,1
diantantri,1
fcfpengaruh,1
ldrdebt,1
ratioder,1
rahmatin,1
inayatin,1
stakeholders,1
terkadang,1
stakeholdersnya,1
estimasi,1
menunjukkn,1
farhad,1
riza,1
primadi,1
aprril,1
lidya,1
hardini,1
nonparametric,1
nafi,1
aden,1
kiky,1
title,1
isthe,1
retentionand,1
intentionto,1
javathe,1
purposes,1
are,1
javarespondents,1
respondentsthe,1
multiple,1
indicate,1
impact,1
keywordsemployee,1
lela,1
ningrum,1
nstrumen,1
kholilah,1
mentari,1
karyawansampel,1
utarad,1
jakartac,1
fauziyah,1
esensial,1
tedaftar,1
sekunderteknik,1
apriliyanto,1
ecmakhmud,1
mayorita,1
profitabilits,1
tingka,1
bah,1
interiskotbk,1
intensitas,1
ratu,1
prabu,1
energitbk,1
fato,1
ptmedco,1
internasionaltbk,1
maimunatus,1
aecara,1
carbopoldr,1
kuncin,1
pengaruhpositif,1
karyawanlah,1
susarsono,1
afifatul,1
arifah,1
tobins,1
q,1
aplha,1
pyd,1
ozammil,1
fakulas,1
eg,1
students,1
learning,1
styles,1
bel,1
puspita,1
inventasi,1
diinventasikannya,1
perawatsebagai,1
perawatsampel,1
samplingberdasarkan,1
berpengaruhtidaklangsung,1
kerjaperawat,1
asroril,1
jaza,1
nyegerin,1
nuril,1
mubin,1
discretionary,1
accruals,1
modified,1
jones,1
faridatus,1
parsil,1
menentuka,1
propotional,1
emsi,1
fauziyyatul,1
iffah,1
karunia,1
triyanto,1
millionaire,1
indoesia,1
eksperimen,1
klan,1
laila,1
pekerjapegawai,1
domiinan,1
hildatul,1
fajaria,1
peningkaktan,1
kinerjakaryawanroom,1
nidya,1
gladisella,1
ageng,1
prestya,1
chandra,1
sasana,1
erwin,1
sulistiowarno,1
nofvi,1
lisma,1
agustien,1
gari,1
plazapenelitian,1
rio,1
satrianto,1
madha,1
perokonomian,1
akhirakhir,1
berita,1
punah,1
satwasatwa,1
mkesdan,1
kuantitatifteknik,1
bergandaberdasarkan,1
tangibilityberpengaruh,1
perusahaanotomotif,1
parsialvariabel,1
zuliana,1
rofikhoh,1
gudange,1
takwa,1
pragaan,1
keputusa,1
ilvi,1
fe,1
sebesarapa,1
jibril,1
wahid,1
jabbar,1
applikasi,1
sulton,1
faizal,1
perusaahaan,1
picu,1
provit,1
hasildari,1
psikologiberpengaruh,1
terdiridarifaktor,1
saifur,1
multifinace,1
keenganan,1
berangan,1
karyawanpegawai,1
organisasiinstansi,1
literatur,1
relationnya,1
sohiburrida,1
dianaisis,1
took,1
akh,1
taufikurrahman,1
analisisregresi,1
heri,1
kusnadi,1
ramadan,1
publicty,1
humas,1
bahri,1
banyuanyarpamekasan,1
taufiqqi,1
rizkiah,1
kebupaten,1
husen,1
satria,1
multikoloneritas,1
heterodektisitas,1
xiii,1
khoirun,1
nasikh,1
multikolonieritas,1
holcim,1
prakasa,1
sdmnya,1
transferabilitas,1
dependabilitas,1
konfirmabilitas,1
tahap,1
puspo,1
kudkoperasi,1
jelas,1
rutin,1
dengab,1
alokasi,1
proposional,1
rustam,1
bram,1
gdyr,1
lpin,1
nips,1
pras,1
smsm,1
hanifah,1
yunianti,1
kuesionerangket,1
selanjutnyadari,1
tria,1
oktami,1
cabut,1
izin,1
trilyun,1
talang,1
ganti,1
juta,1
direktur,1
diskriminan,1
rika,1
maulidiva,1
koleksi,1
purwosari,1
genap,1
menurunya,1
pasuruandapat,1
hidayatul,1
muslimah,1
vii,1
sigfikan,1
ditetapkantujuan,1
assessment,1
pan,1
sinarmas,1
hafiyatus,1
sholehah,1
indri,1
waqiatun,1
moden,1
untu,1
sim,1
bukit,1
asam,1
diharapkann,1
chrismardanissi,1
cukai,1
era,1
globalisasi,1
konsekuensi,1
kulitas,1
reliabilias,1
populadi,1
proportionated,1
bergandan,1
nirwan,1
syahri,1
abdur,1
lebar,1
kecimpung,1
ni,1
oordoo,1
dangang,1
febuari,1
produktifitan,1
sempel,1
bayak,1
apak,1
siknifikan,1
kepauasn,1
regresik,1
manganalisis,1
siswa,1
profesionalitas,1
perofesionalisme,1
n,1
choiroh,1
memilihevent,1
jannata,1
pada,1
niali,1
siska,1
pi,1
mil,1
wantar,1
strengths,1
weaknesses,1
opportunities,1
threats,1
internalexternal,1
qspm,1
strategic,1
matrix,1
plafon,1
daerahkecamatan,1
supermarket,1
ekternal,1
sedangratarata,1
maras,1
pilhanan,1
g,1
mojokertopelaksanaan,1
perusahaansesuai,1
rekrut,1
tepattujuan,1
honorer,1
bergandahasilpenelitian,1
bahwafhitung,1
hisbul,1
bahar,1
simultanbersamasama,1
slopekemiringan,1
septian,1
fikri,1
firdaus,1
dir,1
kongkrit,1
trebukti,1
simultanmetode,1
pembeliandengannilai,1
pembeliandengannilait,1
danvariabelcitra,1
merekmempunyai,1
pembeliandengan,1
sampangyaitubahwakeputusan,1
merekhal,1
kuncipengaruh,1
ratioper,1
rawan,1
areadua,1
sehattiga,1
arealima,1
sehatsatu,1
areaempat,1
adista,1
sharp,1
dohme,1
pharma,1
scpi,1
samsul,1
pracak,1
kunsumen,1
dinamis,1
akhlak,1
mulia,1
ketrampilan,1
penelittian,1
stratayaitu,1
personalitas,1
berpengartuh,1
mahasisiwa,1
variabelariabel,1
aosiasi,1
hildi,1
rachmad,1
afdorul,1
berpengaruah,1
secar,1
kaayawan,1
arifullah,1
hardy,1
meode,1
haulamuna,1
syaifina,1
yaklut,1
multikolonieroitas,1
yangh,1
eko,1
yuliansyah,1
pembiayan,1
huatang,1
panjangdalam,1
npv,1
tax,1
shield,1
menguntungakan,1
elistiyani,1
bin,1
penelitiansebanyak,1
nonbank,1
belas,1
menjelskan,1
syahril,1
muharrom,1
puspitaningrum,1
surabayapenelitian,1
inayafatul,1
ulfah,1
drdrsecchairul,1
anammkes,1
opersional,1
nonfinancial,1
kodisi,1
risa,1
mulyana,1
menunjuikkan,1
adi,1
neagara,1
lepas,1
pere,1
subsistem,1
perbankantujuan,1
swastahasil,1
rebih,1
swastakesimpulan,1
setandart,1
setadart,1
edo,1
fatwa,1
ptmarinal,1
retni,1
febrisasi,1
andar,1
pegawa,1
berjudulpengaruh,1
outsoucing,1
subvariabel,1
koefiien,1
organisas,1
heteroskedastiitas,1
variablevariabel,1
smanika,1
usahashu,1
langusng,1
sujarwo,1
multifinance,1
noseojk,1
kerjansebagai,1
fitra,1
pranjotose,1
bada,1
stok,1
dfl,1
dol,1
depeden,1
puspitasari,1
stefan,1
william,1
bnc,1
invesmnet,1
samplingdengan,1
profitabbbilitas,1
listed,1
sukomanunggal,1
absrak,1
pelindo,1
kolerasi,1
astina,1
mtambrin,1
seba,1
bergandahasil,1
derrisiko,1
noer,1
shaula,1
dijelaskanoleh,1
faizah,1
yangdigunakan,1
abstract,1
feryda,1
board,1
under,1
guidance,1
drhjiriani,1
enforced,1
was,1
conducted,1
quantitatively,1
distributing,1
questionnaires,1
technique,1
processed,1
showed,1
shows,1
rest,1
equal,1
other,1
jamilatul,1
ilwan,1
dteliti,1
var,1
runtut,1
issi,1
moneter,1
meminimalisir,1
antisipasi,1
skunder,1
koefesiensi,1
peneitian,1
mukhlis,1
indoenesia,1
richa,1
apresiasi,1
ekspresi,1
peduli,1
mangkir,1
jam,1
slopel,1
cocok,1
zmiewski,1
afifah,1
harkan,1
respondenberdasarkan,1
isnanda,1
anamdrs,1
ydalam,1
musrifah,1
indonsia,1
studipada,1
perusahaandalam,1
overall,1
ismi,1
rulita,1
atngibility,1
memggunakan,1
profitabilty,1
inddependen,1
megananda,1
virgiastutik,1
mdan,1
kuantitatifmetode,1
perusahaanuntuk,1
leveragesecara,1
kepemiliksn,1
qomariyah,1
signif,1
maghfirotul,1
fikawati,1
samhaji,1
pilpres,1
firmansyah,1
rayaberpengaruh,1
berujumlah,1
fhitungsebesar,1
ftabelyaitu,1
mohkosim,1
drsmudji,1
satfungsi,1
himpun,1
antara,1
tiap,1
diminimalisir,1
signal,1
menaglami,1
perlahan,1
lingkunga,1
berpengauh,1
sebesesar,1
pengauh,1
vivin,1
octavia,1
khoirina,1
karim,1
mspi,1
inodonesia,1
